age,gender,income,policy_duration,premium,coverage_amount,policy_type,claim_amount,num_claims_past_year,num_claims_past_5years,days_to_claim,weekend_claim,policy_changes_before_claim,claim_in_policy_start,claim_amount_near_limit,unusual_documentation,multiple_beneficiaries,late_night_claim_filing,fraud
56,M,188645,269,283,100000,Auto,255819,0,8,375,0,0,0,1,0,0,0,0.0
69,F,151878,181,429,250000,Life,553144,1,2,63,0,3,0,1,0,0,0,0.0
46,M,144343,160,193,500000,Health,333820,0,2,504,0,1,0,0,0,0,0,0.0
32,F,148301,351,407,250000,Home,272548,0,4,668,0,1,0,1,0,0,0,0.0
60,M,146295,288,237,1000000,Home,554729,1,1,449,1,2,0,0,0,0,0,0.0
25,M,180829,288,371,250000,Home,410326,0,5,868,0,2,0,1,0,0,0,0.0
38,F,54636,226,499,100000,Health,127139,0,6,680,0,3,0,1,0,0,0,0.0
56,M,199352,11,62,50000,Health,180174,2,8,461,1,2,0,1,0,0,0,0.0
36,M,44262,10,233,250000,Health,131662,1,5,459,1,2,0,0,0,0,0,0.0
40,M,100435,271,160,250000,Health,3829,0,2,464,1,2,0,0,0,0,0,0.0
28,M,148583,273,464,100000,Health,347460,1,4,912,0,2,0,1,0,0,0,0.0
28,M,189269,183,339,50000,Life,258460,1,3,379,0,1,0,1,0,0,0,0.0
41,M,61844,153,344,50000,Health,359114,0,4,1026,0,2,0,1,0,0,0,0.0
70,F,84754,315,441,1000000,Health,21498,2,7,364,0,1,0,0,0,0,0,0.0
53,M,185229,334,264,250000,Health,296894,1,7,72,0,1,0,1,0,0,0,0.0
57,M,97129,124,169,50000,Health,265403,0,5,638,0,0,0,1,0,0,0,0.0
41,F,60042,114,431,50000,Home,360406,1,0,337,0,1,0,1,0,0,0,0.0
20,F,81665,278,104,500000,Health,456082,2,7,195,0,1,0,1,0,0,0,1.0
39,F,136953,213,76,500000,Life,226059,2,7,1012,0,2,0,0,1,0,0,0.0
70,F,178448,172,167,50000,Life,410381,2,1,653,0,1,0,1,0,1,0,1.0
19,F,165271,288,270,1000000,Life,546026,0,3,7,0,3,1,0,0,1,0,0.0
41,F,138533,174,280,50000,Auto,439827,0,1,905,0,2,0,1,0,0,0,0.0
61,F,93781,113,102,100000,Home,518590,2,3,979,1,2,0,1,0,0,0,1.0
47,M,86262,122,344,250000,Health,553708,0,9,566,0,2,0,1,0,0,0,0.0
55,M,66600,32,370,1000000,Auto,463192,2,6,616,0,0,0,0,0,0,0,1.0
19,F,96898,222,450,100000,Health,35024,0,8,573,1,2,0,0,0,0,0,0.0
38,M,169369,119,282,1000000,Auto,212892,2,7,599,0,1,0,0,0,0,0,0.0
50,M,50448,39,207,100000,Auto,434050,1,8,770,1,3,0,1,0,0,0,0.0
29,M,46172,268,486,250000,Life,2259,2,7,242,1,2,0,0,0,0,0,0.0
39,F,193946,233,318,250000,Life,573328,2,1,766,0,2,0,1,0,1,0,1.0
61,F,27657,18,70,500000,Auto,470292,0,6,384,0,3,0,1,0,0,0,0.0
42,M,176497,149,452,100000,Life,539066,0,1,391,1,2,0,1,0,0,0,0.0
66,F,177757,149,102,500000,Auto,440520,0,1,896,1,0,0,1,0,0,0,0.0
44,M,132855,126,324,100000,Home,405337,0,3,688,1,1,0,1,0,0,0,0.0
59,M,175650,302,362,500000,Life,591551,0,0,47,0,3,0,1,0,0,0,0.0
45,M,179903,238,330,250000,Life,154636,0,4,619,0,3,0,0,0,1,0,0.0
33,M,27906,135,263,1000000,Life,575525,1,5,464,0,0,0,0,0,0,0,0.0
32,F,81413,151,80,500000,Home,423548,2,8,123,0,1,0,1,0,0,0,1.0
64,F,74028,236,386,100000,Auto,501333,2,9,134,0,0,0,1,0,0,0,1.0
68,F,27287,224,232,100000,Health,241070,2,7,841,0,1,0,1,0,0,0,0.0
61,M,53660,203,72,250000,Life,1001,1,1,849,0,0,0,0,0,0,0,0.0
72,F,80504,256,81,100000,Auto,88080,2,0,607,0,2,0,1,0,0,0,0.0
69,M,122979,86,495,50000,Home,369838,1,1,23,0,0,1,1,0,0,0,1.0
74,F,54701,150,123,1000000,Health,476913,1,6,566,1,3,0,0,1,0,0,1.0
20,M,103300,235,59,500000,Life,292107,1,3,766,0,3,0,0,0,0,0,0.0
54,M,168746,345,103,1000000,Home,398938,2,9,965,0,3,0,0,0,0,0,1.0
68,M,103560,22,101,250000,Home,516056,1,4,235,1,0,0,1,0,1,0,1.0
24,F,174946,348,197,500000,Health,476484,2,6,996,0,3,0,1,0,0,0,1.0
38,F,63642,285,209,500000,Auto,487163,2,2,1083,1,3,0,1,0,0,0,1.0
26,F,85160,269,419,50000,Life,251939,0,9,826,0,2,0,1,0,0,0,0.0
56,F,37602,258,63,250000,Life,321495,0,1,216,0,2,0,1,0,1,0,1.0
35,M,123320,29,227,100000,Auto,596960,1,6,657,0,1,0,1,1,0,0,0.0
21,F,108801,213,461,50000,Auto,563643,1,4,935,0,1,0,1,0,0,0,0.0
42,F,45931,283,415,50000,Auto,587600,2,0,311,0,1,0,1,0,0,0,1.0
31,M,114377,50,102,1000000,Health,387873,1,0,557,0,0,0,0,0,0,0,0.0
67,M,49192,95,457,1000000,Health,22599,1,8,972,0,1,0,0,0,0,0,0.0
26,M,66542,88,384,1000000,Life,444944,2,4,257,1,0,0,0,0,0,0,1.0
43,F,147015,44,71,50000,Health,585748,1,0,533,0,0,0,1,0,0,0,0.0
70,M,62520,278,79,100000,Home,397919,1,6,52,0,1,0,1,0,0,0,0.0
19,M,84772,171,240,500000,Life,486625,2,8,1091,1,1,0,1,0,1,0,1.0
37,M,70106,189,309,1000000,Health,143804,2,0,300,0,0,0,0,0,0,0,0.0
45,F,101121,353,254,100000,Auto,91973,0,9,672,1,2,0,1,0,0,0,0.0
64,M,45559,184,108,250000,Home,65856,2,3,778,0,3,0,0,0,0,0,0.0
24,F,125595,3,313,1000000,Auto,440310,0,2,832,0,3,0,0,0,0,0,0.0
61,F,53742,191,61,500000,Life,194554,1,4,232,0,3,0,0,0,0,0,0.0
25,M,89669,118,168,250000,Auto,318588,2,6,975,0,2,0,1,0,0,0,1.0
64,M,172826,19,464,250000,Health,447091,2,7,1092,1,0,0,1,0,0,0,1.0
52,F,155044,23,339,500000,Health,400665,2,1,28,0,1,1,1,0,0,1,1.0
31,M,90831,30,387,1000000,Life,551852,1,6,1075,1,0,0,0,0,0,1,0.0
34,M,132217,295,297,50000,Auto,435940,0,0,591,0,0,0,1,0,0,0,0.0
53,F,61873,108,403,500000,Life,121997,1,6,785,1,1,0,0,0,0,0,0.0
67,F,126532,281,176,500000,Auto,520182,1,7,620,0,2,0,1,0,0,0,0.0
57,M,146267,128,124,500000,Home,299588,2,1,586,0,3,0,0,0,0,0,1.0
21,F,160975,229,410,250000,Health,83891,0,8,1002,1,3,0,0,0,0,0,0.0
19,M,154092,111,253,100000,Life,132634,1,0,184,0,0,0,1,0,0,0,0.0
23,M,61755,136,98,50000,Home,81541,2,5,1047,0,2,0,1,0,0,0,0.0
71,M,105956,186,128,1000000,Home,237712,1,0,129,0,3,0,0,0,0,0,0.0
59,F,106988,144,490,1000000,Life,433897,1,2,291,1,2,0,0,0,0,0,0.0
21,M,65648,72,290,100000,Life,231544,2,5,501,1,1,0,1,0,1,0,1.0
71,M,145991,129,398,500000,Home,137363,2,2,186,0,0,0,0,0,0,0,0.0
46,M,160588,261,203,50000,Auto,345678,0,7,479,0,0,0,1,0,0,0,0.0
35,F,135005,3,323,1000000,Home,47745,1,4,492,0,2,0,0,0,0,0,0.0
43,F,22396,104,145,1000000,Life,239708,2,1,513,1,3,0,0,0,0,0,0.0
61,F,104082,224,263,500000,Home,547671,2,3,1091,0,2,0,1,0,0,0,1.0
51,F,170201,320,343,100000,Auto,516469,0,8,467,0,1,0,1,0,0,0,0.0
27,F,148322,354,258,50000,Health,349215,0,3,285,0,3,0,1,0,0,0,0.0
53,M,152663,10,392,100000,Health,102880,2,9,601,0,3,0,1,0,0,0,0.0
31,F,31303,302,137,100000,Home,423340,0,9,189,1,2,0,1,0,1,0,1.0
48,F,181633,231,355,50000,Auto,442946,2,7,989,0,1,0,1,0,0,0,1.0
65,F,91719,219,313,50000,Health,615,1,4,890,0,3,0,0,0,0,0,0.0
32,M,119616,66,474,1000000,Home,308460,0,9,388,0,0,0,0,0,0,0,0.0
25,F,144165,112,439,1000000,Home,334077,1,0,241,0,1,0,0,0,1,0,0.0
31,F,106231,13,374,50000,Auto,583143,1,6,417,0,3,0,1,0,0,0,0.0
40,M,27314,86,477,250000,Life,552244,1,2,176,0,2,0,1,0,0,0,0.0
74,F,39623,234,426,1000000,Home,508275,2,9,387,0,3,0,0,0,0,0,1.0
57,M,125228,90,369,250000,Life,73970,1,7,853,0,0,0,0,0,0,0,0.0
38,M,184202,314,206,50000,Life,137180,1,2,663,1,1,0,1,0,0,0,0.0
33,M,117624,54,205,1000000,Health,96602,1,0,452,1,3,0,0,0,0,0,0.0
62,M,177364,12,188,100000,Life,590711,2,4,277,0,0,0,1,0,0,0,1.0
35,M,131785,209,170,50000,Auto,432306,1,1,213,1,3,0,1,0,1,0,1.0
64,F,106206,14,114,500000,Health,479077,1,3,41,1,3,0,1,0,0,0,0.0
70,M,89274,121,156,250000,Health,428656,0,0,294,0,1,0,1,0,1,0,1.0
41,M,153541,20,196,50000,Health,529421,2,8,600,0,2,0,1,0,1,0,1.0
43,F,73947,75,186,50000,Home,335568,1,5,541,1,2,0,1,0,0,0,0.0
42,M,173606,243,460,1000000,Home,480450,0,7,451,1,0,0,0,0,0,0,0.0
62,F,68874,223,211,1000000,Life,496332,2,3,1085,1,0,0,0,0,0,0,1.0
58,F,69708,70,477,1000000,Health,488555,2,8,790,0,0,0,0,0,0,0,1.0
46,F,94553,312,149,500000,Health,262310,2,1,334,0,1,0,0,0,0,0,0.0
32,M,88344,211,387,1000000,Auto,531921,2,8,891,1,2,0,0,0,0,0,1.0
62,M,69138,101,448,50000,Life,378072,2,4,44,0,0,0,1,0,0,0,1.0
18,M,67638,186,356,1000000,Auto,250331,2,5,144,0,0,0,0,0,0,0,0.0
42,F,98249,132,190,100000,Life,13040,1,2,333,0,3,0,0,0,0,0,0.0
24,M,125865,111,132,1000000,Life,380271,1,3,998,0,3,0,0,1,1,0,1.0
26,M,22719,132,226,500000,Home,541320,1,5,55,0,0,0,1,0,0,0,0.0
41,M,173962,20,247,100000,Home,226477,1,6,870,1,3,0,1,0,1,0,1.0
18,F,187581,24,161,50000,Auto,450143,0,0,797,0,3,0,1,0,0,0,0.0
61,F,62534,227,105,50000,Life,24748,1,6,325,0,3,0,0,0,0,0,0.0
25,M,112241,154,228,250000,Health,33066,2,0,80,0,1,0,0,0,0,0,0.0
41,M,169859,293,470,100000,Home,421093,1,4,1055,0,0,0,1,0,0,0,0.0
28,M,146209,230,450,250000,Health,255833,1,5,985,0,0,0,1,0,0,0,0.0
68,M,199917,310,235,100000,Auto,163739,2,1,558,0,3,0,1,0,0,0,0.0
34,F,112124,359,267,100000,Home,246431,1,9,865,0,1,0,1,0,0,0,0.0
25,F,111659,202,462,500000,Home,42698,1,8,717,0,3,0,0,0,0,0,0.0
52,F,184134,38,466,250000,Life,190371,1,9,472,0,1,0,0,0,0,0,0.0
52,F,95713,260,365,500000,Auto,407114,0,5,74,0,0,0,1,0,0,0,0.0
50,M,95418,188,266,100000,Life,248104,1,6,589,0,3,0,1,0,0,0,0.0
22,M,148232,57,169,50000,Home,17218,2,9,564,1,0,0,0,0,0,0,0.0
59,M,185904,20,488,100000,Auto,22716,2,7,467,1,1,0,0,0,1,0,0.0
56,F,183038,273,443,500000,Home,131970,1,9,599,0,2,0,0,0,0,0,0.0
58,M,164059,119,224,250000,Auto,269845,1,0,992,0,1,0,1,0,1,0,1.0
45,F,188383,71,72,250000,Home,2895,1,7,737,0,2,0,0,0,0,0,0.0
24,F,51575,4,262,500000,Health,97562,2,3,994,1,0,0,0,0,0,0,0.0
26,M,83852,221,454,250000,Health,438580,2,9,248,0,0,0,1,0,0,0,1.0
25,M,152079,14,284,1000000,Life,365136,0,7,67,0,3,0,0,0,0,0,0.0
29,M,96242,3,62,50000,Health,335077,0,5,573,1,2,0,1,0,0,0,0.0
51,F,198589,216,150,50000,Home,523004,0,8,703,0,1,0,1,0,0,0,0.0
50,M,49257,229,466,50000,Home,265328,2,3,470,0,0,0,1,1,0,0,0.0
65,F,193279,336,73,250000,Health,469962,0,1,493,0,2,0,1,0,0,0,0.0
72,M,164353,186,413,250000,Life,132301,1,1,663,0,1,0,0,0,0,0,0.0
40,F,81246,55,60,100000,Health,159194,1,4,286,1,2,0,1,0,0,0,0.0
41,F,21435,254,322,100000,Auto,263849,2,9,312,1,1,0,1,0,0,0,0.0
54,M,111357,24,480,50000,Auto,77606,0,8,309,0,1,0,1,0,0,0,0.0
52,F,177732,162,330,1000000,Auto,44230,1,2,775,1,1,0,0,0,0,0,0.0
61,F,156156,158,143,100000,Health,163502,2,7,965,0,1,0,1,1,1,0,1.0
57,M,164579,82,250,100000,Health,146359,0,3,456,0,2,0,1,0,0,1,0.0
39,F,103807,159,70,250000,Health,419107,1,5,132,1,2,0,1,0,0,0,0.0
44,M,196611,188,389,1000000,Auto,352680,0,9,930,0,3,0,0,0,1,0,0.0
52,F,135953,60,260,50000,Life,201782,2,5,965,0,2,0,1,0,0,0,0.0
18,M,158563,305,189,100000,Home,374585,0,2,929,1,2,0,1,0,0,0,0.0
52,M,143797,319,342,1000000,Health,223134,2,4,121,0,3,0,0,0,0,0,0.0
54,F,83888,211,347,1000000,Life,509494,0,2,634,0,2,0,0,0,0,0,0.0
64,F,93609,152,450,50000,Home,544161,1,0,897,0,1,0,1,0,0,0,0.0
31,F,29077,109,150,1000000,Home,283107,2,6,772,0,0,0,0,0,0,0,0.0
20,F,40953,76,353,1000000,Home,313659,2,3,1063,0,0,0,0,0,0,0,1.0
18,F,134682,30,408,1000000,Life,69068,2,6,566,1,3,0,0,0,0,0,0.0
22,M,87889,314,77,100000,Life,493991,0,2,512,0,2,0,1,0,1,0,1.0
43,F,174893,117,90,50000,Auto,584818,0,4,289,0,2,0,1,0,0,0,0.0
72,M,188639,356,404,1000000,Life,250172,1,4,200,0,3,0,0,0,0,0,0.0
31,M,135374,192,352,1000000,Life,1615,2,1,528,1,0,0,0,0,0,0,0.0
56,F,44860,19,195,100000,Life,97306,2,9,917,0,1,0,1,1,0,0,0.0
44,M,172267,173,305,50000,Home,245382,0,1,1086,1,2,0,1,0,0,0,0.0
26,M,97475,228,276,250000,Health,407921,0,3,799,1,3,0,1,0,0,0,0.0
32,M,107266,350,285,100000,Auto,5686,1,3,1066,0,1,0,0,0,0,0,0.0
32,M,172499,183,410,50000,Health,555574,1,3,12,0,3,1,1,0,0,0,1.0
43,F,120732,113,429,1000000,Health,551316,0,5,833,0,3,0,0,0,0,0,0.0
59,M,47083,183,62,50000,Life,385234,2,1,841,1,3,0,1,0,0,0,1.0
30,F,77372,146,259,50000,Auto,349273,1,5,643,1,0,0,1,0,0,0,0.0
68,F,143786,319,278,50000,Health,545099,0,6,106,0,0,0,1,0,0,0,0.0
49,M,195136,116,446,250000,Health,579350,0,9,691,0,3,0,1,0,1,0,1.0
56,F,27813,113,149,50000,Auto,20139,2,2,528,0,2,0,0,0,0,0,0.0
66,F,51598,251,80,250000,Life,560949,0,7,846,0,1,0,1,0,0,0,0.0
69,F,113106,251,435,1000000,Health,206655,0,1,893,0,2,0,0,0,0,0,0.0
49,M,47082,303,65,250000,Home,491187,1,7,387,0,0,0,1,0,0,0,0.0
21,F,49241,313,186,1000000,Health,219830,0,4,481,0,1,0,0,0,0,0,0.0
47,F,195641,118,378,1000000,Home,1677,0,1,408,0,3,0,0,0,0,0,0.0
54,F,31745,301,215,250000,Life,107892,1,6,898,0,2,0,0,0,0,0,0.0
40,M,46029,161,359,100000,Health,238640,2,1,711,1,2,0,1,0,0,0,0.0
56,F,164097,198,489,500000,Auto,228606,2,5,639,1,3,0,0,0,0,0,0.0
62,M,143395,260,149,50000,Auto,10885,1,9,1045,1,2,0,0,0,0,0,0.0
32,M,165360,148,158,500000,Health,72327,1,2,815,1,0,0,0,0,1,0,0.0
60,M,109186,240,392,50000,Life,589819,2,8,918,0,3,0,1,0,0,0,1.0
46,M,157612,47,222,50000,Life,410613,2,2,203,0,2,0,1,0,0,0,1.0
53,M,117768,198,286,1000000,Auto,248041,2,2,417,0,3,0,0,0,0,0,0.0
30,M,61846,47,211,50000,Health,150753,2,4,416,0,1,0,1,0,0,0,0.0
49,F,95932,78,442,50000,Life,317436,2,6,85,0,3,0,1,0,0,0,1.0
24,M,168554,124,265,250000,Auto,263706,1,7,167,0,2,0,1,0,0,0,0.0
68,F,43411,75,313,500000,Home,391092,0,6,384,0,0,0,0,0,0,0,0.0
39,F,98797,359,312,250000,Health,338350,2,8,468,1,3,0,1,0,1,0,1.0
45,M,72307,137,341,50000,Home,310909,2,4,810,0,3,0,1,0,0,0,1.0
19,F,154165,90,323,1000000,Home,343254,0,9,997,1,2,0,0,0,1,0,0.0
59,F,42042,325,52,250000,Life,596961,0,2,473,1,0,0,1,0,0,0,0.0
62,F,72930,61,77,250000,Life,224837,0,5,993,0,0,0,1,1,0,0,0.0
74,F,195485,138,375,100000,Life,537774,0,4,275,0,1,0,1,0,0,0,0.0
70,M,117883,50,477,50000,Health,386313,0,3,1044,1,1,0,1,0,0,0,0.0
23,F,53756,259,198,1000000,Home,54560,0,1,490,0,2,0,0,0,0,0,0.0
45,M,73268,107,77,250000,Health,399537,1,6,326,1,0,0,1,0,0,0,0.0
45,F,190286,113,359,250000,Life,416790,0,4,529,0,0,0,1,0,0,0,0.0
61,F,179674,350,487,1000000,Home,115475,0,3,892,0,1,0,0,0,0,0,0.0
61,M,68901,254,114,50000,Health,152217,1,7,89,0,1,0,1,0,1,0,1.0
37,F,119986,118,405,100000,Health,116682,0,8,486,1,2,0,1,0,0,0,0.0
47,F,183268,198,70,250000,Auto,499009,2,8,708,0,0,0,1,0,1,0,1.0
28,F,148386,337,301,100000,Health,576723,2,2,350,1,3,0,1,0,0,0,1.0
72,M,25626,51,284,500000,Life,53049,0,2,387,0,1,0,0,0,1,0,0.0
45,F,158496,245,276,50000,Health,464030,1,4,87,0,2,0,1,0,0,0,0.0
42,M,32857,35,62,500000,Home,95658,2,4,307,0,0,0,0,0,0,1,1.0
56,F,171054,302,362,500000,Health,408556,1,9,440,1,0,0,1,0,0,0,0.0
50,M,153052,69,98,500000,Auto,147746,2,1,740,0,1,0,0,0,0,0,0.0
18,M,199362,349,167,50000,Home,467033,0,0,264,0,2,0,1,0,0,0,0.0
74,F,46431,320,103,50000,Home,504615,1,7,977,1,3,0,1,0,0,0,0.0
44,F,104976,49,187,1000000,Auto,72016,1,2,735,1,1,0,0,0,0,0,0.0
74,M,102711,74,102,100000,Life,259690,1,0,421,0,2,0,1,0,0,0,0.0
69,M,46385,192,93,100000,Home,575294,2,0,493,0,0,0,1,0,0,0,1.0
30,F,189230,261,352,1000000,Life,74794,2,1,633,0,3,0,0,0,0,0,0.0
58,M,174091,356,102,1000000,Home,413967,2,5,993,0,2,0,0,0,0,0,1.0
20,F,38639,70,123,500000,Home,282252,0,5,411,0,3,0,0,0,1,0,0.0
56,F,105530,90,95,1000000,Life,70574,2,2,173,0,2,0,0,0,0,0,0.0
23,F,41563,260,62,250000,Home,562573,0,3,4,0,2,1,1,0,0,0,1.0
25,F,190413,126,214,100000,Life,350168,1,1,854,1,2,0,1,0,1,0,1.0
44,M,135672,231,151,1000000,Auto,262148,1,1,986,0,2,0,0,0,0,0,0.0
26,F,156848,295,329,250000,Life,546892,0,6,1061,0,3,0,1,0,0,0,0.0
54,M,187516,129,307,250000,Auto,55070,2,0,583,0,1,0,0,0,0,0,0.0
50,F,159783,280,386,250000,Home,279010,0,6,1055,1,3,0,1,0,0,0,0.0
68,M,102970,313,405,250000,Life,405011,1,0,381,1,2,0,1,0,0,0,0.0
59,F,105553,100,447,500000,Home,411112,1,5,1035,0,3,0,1,0,0,0,0.0
61,M,181779,326,187,250000,Life,173715,0,2,344,0,3,0,0,0,0,0,0.0
41,M,190182,297,212,500000,Auto,497766,2,7,166,0,3,0,1,0,0,0,1.0
32,F,102879,182,458,500000,Auto,120594,2,5,700,0,2,0,0,0,0,0,0.0
71,F,189899,174,436,250000,Life,533190,0,1,342,0,3,0,1,0,1,0,1.0
49,F,156727,316,160,100000,Auto,171377,0,7,1043,0,0,0,1,0,0,0,0.0
49,F,64859,188,151,250000,Home,492066,2,4,980,1,2,0,1,0,1,0,1.0
41,M,72098,57,66,250000,Home,296403,1,7,545,0,3,0,1,0,1,0,1.0
58,F,166323,31,317,250000,Health,11616,0,7,1034,0,0,0,0,0,0,0,0.0
69,M,142413,84,231,100000,Auto,312736,2,5,192,0,3,0,1,0,0,0,1.0
66,M,20526,152,421,50000,Home,554868,2,1,320,1,1,0,1,0,0,0,1.0
66,F,88760,36,73,50000,Life,183263,1,7,580,0,3,0,1,0,0,0,0.0
69,M,67837,213,78,500000,Auto,128123,1,5,475,0,3,0,0,1,0,0,1.0
29,M,31536,106,220,500000,Home,372439,1,5,637,0,1,0,0,0,1,0,0.0
56,M,48541,342,458,100000,Auto,178938,1,7,427,0,2,0,1,0,0,0,0.0
19,M,99083,220,277,1000000,Life,271509,1,0,1083,1,1,0,0,0,0,0,0.0
20,F,54531,163,427,50000,Home,333234,0,1,97,1,2,0,1,0,0,0,0.0
66,F,28712,220,237,500000,Health,494770,2,8,496,0,1,0,1,0,0,0,1.0
54,F,124101,270,395,50000,Health,121735,0,7,661,0,3,0,1,0,0,0,0.0
66,F,85455,120,279,100000,Auto,221035,0,6,9,0,3,1,1,0,0,0,1.0
73,M,94744,336,370,100000,Life,511666,0,6,457,1,2,0,1,0,0,0,0.0
34,M,149749,182,389,1000000,Home,53734,0,4,273,0,2,0,0,1,0,0,0.0
66,F,25109,106,168,1000000,Life,492603,0,1,940,1,0,0,0,0,0,0,0.0
19,F,69268,217,205,100000,Home,218699,1,5,1032,1,0,0,1,0,0,0,0.0
19,F,74615,205,321,500000,Auto,238019,1,9,208,0,3,0,0,0,0,0,0.0
45,M,102503,70,224,50000,Home,468768,2,2,1057,1,3,0,1,0,0,0,1.0
71,F,180831,44,153,250000,Life,403459,0,3,204,1,0,0,1,1,0,0,0.0
40,F,105708,329,141,1000000,Life,484707,2,9,518,0,0,0,0,0,0,0,1.0
54,F,122471,301,235,250000,Auto,591831,1,1,517,0,2,0,1,0,0,0,0.0
49,M,177661,228,332,500000,Life,291668,1,1,443,1,1,0,0,0,0,0,0.0
50,M,181087,184,230,1000000,Home,351088,1,7,689,1,2,0,0,0,0,0,0.0
18,M,180081,107,219,250000,Auto,41605,0,7,850,0,0,0,0,0,1,0,0.0
36,M,103309,84,236,500000,Home,102578,0,9,833,1,3,0,0,0,0,0,0.0
19,M,146446,338,224,50000,Life,62799,1,5,339,1,0,0,1,0,0,0,0.0
70,M,126661,250,271,500000,Auto,418780,2,4,387,0,3,0,1,0,0,0,1.0
61,M,177215,21,282,1000000,Home,154821,2,7,1049,0,3,0,0,0,0,0,0.0
43,M,26154,196,211,100000,Life,136768,1,3,506,0,3,0,1,0,0,0,0.0
49,F,172876,178,470,50000,Life,278618,2,3,680,1,3,0,1,0,0,0,0.0
23,F,192760,7,183,250000,Health,266019,1,4,690,1,1,0,1,0,0,0,0.0
49,M,84288,70,440,1000000,Life,386044,2,0,885,0,0,0,0,0,0,0,1.0
72,M,71195,127,273,100000,Home,315883,1,0,623,0,2,0,1,0,0,0,0.0
21,F,40581,160,202,500000,Auto,114110,2,1,893,0,3,0,0,0,0,0,0.0
72,M,50087,248,82,100000,Health,555493,0,7,953,0,3,0,1,0,0,0,0.0
28,M,184053,203,104,1000000,Life,523572,1,6,784,1,2,0,0,0,1,0,0.0
73,M,89298,148,491,1000000,Life,406984,1,9,495,0,2,0,0,0,0,0,0.0
34,F,66167,143,56,100000,Life,259121,2,8,1062,0,3,0,1,0,0,0,0.0
55,F,194480,199,293,500000,Home,147132,1,4,747,1,2,0,0,0,0,0,0.0
41,F,59499,154,362,100000,Health,142529,1,1,437,0,2,0,1,0,0,0,0.0
22,F,145816,142,175,1000000,Home,457920,1,6,345,0,1,0,0,0,0,0,0.0
69,F,189631,313,61,1000000,Health,314040,0,7,550,1,2,0,0,0,0,0,0.0
51,M,116347,165,65,250000,Auto,278048,0,6,820,1,0,0,1,0,0,0,0.0
23,F,68787,314,257,250000,Home,159304,2,6,541,0,0,0,0,0,0,0,0.0
39,M,55488,21,92,50000,Home,281309,0,4,144,0,0,0,1,0,1,0,1.0
28,M,94441,82,422,1000000,Auto,105172,2,1,588,1,3,0,0,0,0,0,0.0
65,F,42431,69,184,250000,Health,89460,0,5,657,0,0,0,0,0,0,0,0.0
33,F,81681,131,277,100000,Life,62387,2,3,345,0,1,0,0,0,0,0,0.0
50,M,142720,87,160,500000,Auto,238109,0,9,696,0,0,0,0,0,0,0,0.0
26,M,69153,218,356,100000,Life,230981,0,1,268,1,3,0,1,0,0,0,0.0
23,M,26368,305,209,500000,Life,107457,2,8,169,0,1,0,0,0,0,0,0.0
33,F,178496,345,380,250000,Auto,441833,1,6,33,0,0,0,1,0,0,0,0.0
46,F,132360,341,313,50000,Health,207540,1,5,377,1,1,0,1,0,0,0,0.0
20,F,196076,161,274,100000,Life,554058,0,4,393,1,1,0,1,0,0,0,0.0
37,F,132755,178,266,100000,Auto,351400,2,2,489,1,3,0,1,0,0,0,1.0
53,F,76985,117,94,100000,Home,159479,1,9,722,1,3,0,1,0,0,0,0.0
36,M,70069,196,263,500000,Home,198259,2,9,946,0,1,0,0,0,0,0,0.0
43,F,72326,327,108,250000,Home,194252,1,3,1053,0,0,0,0,0,0,0,0.0
20,M,128737,86,181,100000,Auto,67085,2,2,39,0,3,0,0,0,1,0,0.0
36,M,174470,289,153,100000,Home,483278,0,7,1041,0,1,0,1,0,1,0,1.0
37,M,70861,81,244,50000,Life,171449,2,2,1080,0,2,0,1,0,0,0,0.0
49,F,95897,152,462,50000,Home,555939,1,6,226,0,2,0,1,0,0,0,0.0
24,F,147118,61,206,250000,Home,449913,0,6,67,1,3,0,1,0,0,0,0.0
69,F,88577,61,147,250000,Life,386586,2,6,835,0,0,0,1,0,0,0,1.0
58,M,29078,354,275,1000000,Home,9737,1,6,1047,0,2,0,0,0,0,1,0.0
50,M,176075,28,461,50000,Life,551338,0,1,999,1,2,0,1,0,0,0,0.0
57,M,82768,43,254,1000000,Home,416804,2,9,237,0,2,0,0,0,0,0,1.0
56,M,71047,169,128,500000,Life,497860,1,2,957,0,0,0,1,0,0,0,0.0
35,M,91626,86,173,1000000,Home,315,2,9,919,0,0,0,0,0,0,0,0.0
57,M,77660,177,477,100000,Life,367847,2,8,473,0,3,0,1,0,0,0,1.0
18,F,152997,17,267,1000000,Auto,23934,0,2,553,0,3,0,0,0,0,0,0.0
28,F,137832,98,53,250000,Life,296718,0,1,695,0,2,0,1,0,0,0,0.0
45,F,150406,198,139,500000,Home,567454,1,8,317,1,0,0,1,0,0,0,0.0
74,F,145150,98,153,100000,Home,272644,0,9,598,0,1,0,1,0,0,0,0.0
42,M,177087,65,442,1000000,Health,534733,1,8,768,1,2,0,0,0,0,0,0.0
67,M,53320,330,168,500000,Life,33996,2,3,886,1,3,0,0,0,0,0,0.0
40,F,84881,341,182,500000,Auto,478746,2,8,561,1,0,0,1,0,0,0,1.0
48,M,110827,5,361,100000,Life,499487,1,2,258,0,3,0,1,0,0,0,0.0
47,F,122215,2,145,1000000,Life,510369,2,6,757,1,3,0,0,0,0,0,1.0
59,F,177361,22,483,500000,Auto,267827,0,6,123,0,0,0,0,0,0,0,0.0
52,F,154461,112,380,500000,Life,513722,2,7,342,0,2,0,1,0,0,0,1.0
24,M,176755,57,192,50000,Auto,71637,0,9,1083,1,0,0,1,0,0,0,0.0
33,F,164701,66,337,500000,Auto,397883,1,3,260,1,2,0,0,0,1,0,0.0
43,F,81550,330,77,50000,Life,599195,1,2,95,0,3,0,1,0,1,0,1.0
65,F,44826,98,327,1000000,Life,470555,2,2,41,1,0,0,0,0,0,0,1.0
74,M,120734,144,282,1000000,Home,232217,2,4,254,0,1,0,0,0,1,0,0.0
69,M,177702,125,66,1000000,Home,334036,0,0,7,0,2,1,0,0,0,0,0.0
66,F,197235,167,108,250000,Health,393544,0,9,728,0,1,0,1,0,0,0,0.0
19,M,118511,86,139,1000000,Health,213386,2,2,69,0,2,0,0,1,0,0,0.0
18,M,31653,76,248,500000,Life,561440,2,5,542,0,0,0,1,0,0,0,1.0
65,M,179033,344,411,100000,Auto,451085,1,2,89,1,1,0,1,0,0,0,0.0
29,M,101941,294,490,50000,Health,46132,1,4,213,0,0,0,1,0,0,0,0.0
22,M,53662,59,75,250000,Life,505010,1,8,834,0,2,0,1,0,0,0,0.0
54,M,118818,138,74,1000000,Health,295930,2,1,266,0,2,0,0,0,0,0,0.0
49,M,172360,99,443,1000000,Auto,234437,2,1,912,1,2,0,0,0,0,0,0.0
72,M,115081,192,350,100000,Life,172957,2,5,293,0,2,0,1,0,0,0,0.0
26,M,56877,243,388,100000,Auto,429863,1,5,333,1,3,0,1,0,0,0,0.0
58,M,131562,319,316,250000,Life,305062,2,7,1005,1,2,0,1,0,0,0,1.0
52,F,166385,49,230,50000,Health,334171,0,1,47,0,1,0,1,0,0,0,0.0
36,F,92715,32,409,1000000,Home,341709,2,8,622,0,2,0,0,0,0,0,1.0
65,M,161398,277,117,250000,Health,299577,2,1,427,0,0,0,1,0,0,0,1.0
33,F,130091,20,400,500000,Health,126557,2,0,210,0,3,0,0,0,0,0,0.0
20,F,152632,154,461,500000,Home,278820,2,9,888,0,1,0,0,0,0,0,0.0
37,M,99148,68,370,250000,Home,119975,2,1,154,1,3,0,0,0,0,0,0.0
41,M,103186,214,98,1000000,Life,467095,0,6,415,0,3,0,0,0,0,0,0.0
71,M,177817,143,224,250000,Life,555989,0,7,769,1,3,0,1,0,0,0,0.0
73,F,182962,232,101,1000000,Auto,314360,2,4,983,0,0,0,0,0,1,0,1.0
50,F,171094,213,151,100000,Auto,518065,1,5,579,1,3,0,1,0,0,0,0.0
41,M,143629,79,265,250000,Health,510572,2,0,740,0,3,0,1,0,0,0,1.0
69,M,90316,214,487,1000000,Home,581142,2,5,163,1,2,0,0,0,0,0,1.0
28,M,48380,116,237,250000,Auto,229147,2,7,1039,1,0,0,1,0,0,0,0.0
66,F,130198,92,106,250000,Health,92950,1,2,195,1,1,0,0,0,0,0,0.0
25,F,22356,270,96,1000000,Home,354935,1,0,542,0,1,0,0,0,0,0,0.0
53,F,90326,168,208,1000000,Life,563259,1,3,359,1,1,0,0,0,0,0,0.0
55,F,112447,58,223,50000,Health,194046,0,0,850,0,0,0,1,0,0,0,0.0
57,M,134994,284,291,250000,Life,471049,1,7,427,0,1,0,1,0,0,0,0.0
37,M,40049,26,331,500000,Auto,249300,0,4,497,0,0,0,0,0,0,0,0.0
52,M,125361,66,290,250000,Auto,306706,0,0,828,0,2,0,1,0,0,0,0.0
65,M,36082,248,419,250000,Home,454698,1,7,486,1,2,0,1,0,0,0,0.0
42,F,20661,254,54,1000000,Health,483510,1,8,330,0,0,0,0,0,0,0,0.0
52,F,188484,44,133,250000,Life,556962,1,9,889,0,1,0,1,0,0,0,0.0
42,M,22920,97,357,250000,Home,435226,0,1,991,0,0,0,1,0,0,0,0.0
46,M,99561,42,410,500000,Auto,204703,2,8,259,0,0,0,0,0,0,0,0.0
35,F,28946,227,297,1000000,Auto,109879,1,7,292,0,3,0,0,0,0,0,0.0
63,M,196572,262,103,250000,Health,18657,1,6,143,0,0,0,0,0,0,0,0.0
35,F,36309,167,210,100000,Life,159232,1,2,747,0,3,0,1,0,0,0,0.0
19,M,75230,279,483,50000,Health,452182,0,1,627,0,2,0,1,0,0,0,0.0
71,M,131822,89,471,500000,Life,334348,0,6,90,0,3,0,0,0,0,0,0.0
52,M,181099,178,460,250000,Life,477893,2,4,720,0,0,0,1,0,0,0,1.0
33,M,132340,197,275,100000,Health,145026,1,5,481,1,2,0,1,0,0,0,0.0
58,M,79321,307,64,250000,Home,184154,0,3,84,0,3,0,0,0,0,0,0.0
53,M,152028,267,273,250000,Health,565469,2,1,673,1,0,0,1,0,0,0,1.0
50,M,94131,268,110,1000000,Health,381425,1,8,517,0,2,0,0,0,0,0,0.0
21,F,198980,74,171,1000000,Auto,329010,0,2,485,1,3,0,0,0,0,0,0.0
50,F,45963,8,326,1000000,Auto,155163,1,6,782,0,0,0,0,0,0,0,0.0
31,F,121757,297,95,100000,Health,286710,1,7,104,0,0,0,1,0,0,0,0.0
38,F,190515,164,439,250000,Health,473756,0,1,339,0,1,0,1,0,0,0,0.0
65,F,119259,85,343,50000,Auto,26181,0,5,687,1,1,0,0,0,0,0,0.0
37,M,59063,72,111,500000,Life,24454,0,7,900,1,3,0,0,0,0,0,0.0
73,M,134225,55,135,1000000,Health,64484,1,6,607,1,3,0,0,0,0,0,0.0
25,F,136400,47,495,1000000,Home,35625,1,2,223,0,3,0,0,0,0,0,0.0
24,M,100818,238,259,250000,Home,6564,2,0,1033,1,0,0,0,0,0,0,0.0
20,F,24703,104,127,250000,Home,540950,1,5,1077,0,3,0,1,0,0,0,0.0
34,F,92099,210,251,100000,Health,579902,0,7,503,1,0,0,1,0,0,0,0.0
50,M,176921,42,351,100000,Life,375672,1,5,822,1,3,0,1,0,0,0,0.0
65,M,182932,316,446,1000000,Life,112664,2,4,624,0,0,0,0,0,0,0,0.0
29,M,51585,268,272,250000,Auto,370291,2,7,165,0,0,0,1,0,0,0,1.0
68,F,173087,263,271,50000,Health,467535,0,1,1051,0,1,0,1,0,0,0,0.0
39,M,63585,336,52,500000,Life,557022,0,0,1094,0,2,0,1,0,0,0,0.0
72,F,46958,259,55,250000,Health,194315,2,0,19,0,0,1,0,0,0,0,0.0
39,F,46017,283,142,250000,Auto,547453,2,3,1046,0,3,0,1,1,0,0,1.0
63,F,144677,114,57,100000,Auto,265139,2,5,989,0,1,0,1,0,0,0,0.0
47,M,196422,40,477,500000,Auto,343103,0,8,450,0,3,0,0,0,0,0,0.0
55,M,163273,220,284,1000000,Home,104227,2,0,552,0,3,0,0,1,0,0,1.0
55,F,49426,129,157,250000,Health,96526,2,0,1072,0,0,0,0,0,0,0,0.0
62,M,37778,8,210,1000000,Auto,192476,0,4,695,1,0,0,0,0,0,0,0.0
68,M,196313,101,258,250000,Health,12062,1,9,587,0,2,0,0,0,0,0,0.0
71,M,62229,176,289,1000000,Home,33402,1,4,721,0,0,0,0,0,0,0,0.0
25,F,106652,107,380,500000,Home,347626,2,4,107,0,0,0,0,0,0,0,1.0
44,F,148267,101,382,100000,Auto,4111,1,9,776,0,2,0,0,0,0,0,0.0
44,M,199436,260,99,500000,Auto,19882,1,5,898,0,3,0,0,0,0,0,0.0
51,F,146503,246,60,50000,Life,198863,1,7,336,1,2,0,1,0,1,0,1.0
38,M,104878,275,400,100000,Health,433041,1,2,607,0,2,0,1,0,0,0,0.0
47,M,77056,32,205,500000,Auto,533584,2,8,838,0,2,0,1,0,0,0,1.0
50,M,178562,137,119,50000,Life,43559,1,0,602,0,1,0,1,0,0,0,0.0
45,M,39975,12,218,250000,Health,522929,1,3,403,1,3,0,1,0,0,0,0.0
64,F,177795,302,321,250000,Auto,363254,0,8,540,0,1,0,1,0,0,0,0.0
50,F,174351,16,117,1000000,Life,32869,2,7,24,0,1,1,0,0,0,0,0.0
22,F,162633,129,404,100000,Life,369773,0,9,624,0,0,0,1,0,0,1,0.0
65,M,108397,63,301,250000,Health,24800,0,8,1080,1,2,0,0,0,1,0,0.0
36,M,53142,109,97,100000,Life,231337,2,0,986,0,2,0,1,0,0,0,0.0
21,M,46916,21,233,250000,Health,306124,1,8,223,0,1,0,1,0,0,0,0.0
52,F,84324,158,369,1000000,Health,114103,0,2,179,0,0,0,0,0,0,0,0.0
66,M,196037,269,236,500000,Health,139492,2,9,800,1,0,0,0,0,0,0,0.0
34,F,145932,162,139,1000000,Home,49689,1,8,434,1,0,0,0,0,0,1,0.0
61,F,155720,260,495,50000,Life,250706,2,0,793,0,3,0,1,0,0,0,0.0
45,F,186205,102,381,250000,Health,560285,0,0,884,0,1,0,1,0,0,0,0.0
47,F,116059,223,188,50000,Auto,189737,1,8,492,1,3,0,1,0,0,0,0.0
46,F,118317,59,406,50000,Home,213993,1,5,810,1,0,0,1,0,0,0,0.0
63,F,55046,247,138,100000,Home,71034,2,3,961,0,0,0,0,0,1,0,0.0
70,M,198136,128,323,250000,Life,580218,1,6,420,0,0,0,1,0,0,0,0.0
23,M,121459,283,68,50000,Health,267773,0,4,649,1,2,0,1,0,0,0,0.0
52,F,65893,325,360,500000,Life,356842,0,9,476,0,1,0,0,0,0,0,0.0
58,F,121520,25,407,50000,Home,83087,0,6,170,0,2,0,1,0,0,0,0.0
54,M,145818,131,423,500000,Health,573566,2,7,174,1,3,0,1,0,0,0,1.0
41,F,81272,353,203,100000,Auto,138109,1,7,470,0,2,0,1,0,0,0,0.0
46,F,87649,196,439,50000,Health,384196,1,0,345,1,1,0,1,0,0,0,0.0
66,M,84674,281,309,1000000,Home,564274,1,7,445,0,2,0,0,0,0,0,0.0
63,F,164832,154,157,100000,Auto,574087,0,5,1042,0,0,0,1,0,0,0,0.0
70,F,172999,133,420,500000,Health,549667,1,3,1094,0,3,0,1,0,0,0,0.0
48,F,106475,227,334,100000,Auto,431422,0,7,628,1,3,0,1,0,0,0,0.0
52,M,81367,189,108,50000,Auto,110876,1,2,592,1,0,0,1,0,0,0,0.0
50,M,163660,265,174,250000,Home,368544,0,3,527,0,0,0,1,0,0,0,0.0
69,M,141750,134,403,250000,Auto,113893,1,5,456,0,0,0,0,0,0,0,0.0
38,F,138154,211,322,500000,Life,378522,2,6,811,0,1,0,0,0,0,0,1.0
49,F,64738,60,156,500000,Home,210909,2,3,188,0,2,0,0,0,0,0,0.0
40,M,53397,213,348,250000,Life,171716,0,3,1021,0,3,0,0,0,0,0,0.0
50,F,102189,216,294,500000,Auto,365491,0,6,711,0,2,0,0,0,0,0,0.0
20,F,96367,226,385,100000,Life,242362,1,5,529,0,0,0,1,0,0,0,0.0
35,F,140585,131,499,1000000,Health,533385,1,7,434,0,0,0,0,0,1,0,0.0
42,F,96619,76,467,1000000,Auto,106202,2,0,288,1,2,0,0,0,0,0,0.0
59,F,131453,286,296,100000,Health,378289,1,9,499,1,3,0,1,0,0,0,0.0
48,M,39816,277,57,1000000,Life,565248,0,6,303,0,1,0,0,0,0,0,0.0
71,F,193312,156,190,50000,Health,265469,0,6,87,0,2,0,1,0,0,0,0.0
20,M,157348,248,411,100000,Auto,522170,0,6,830,1,0,0,1,0,0,0,0.0
57,F,99530,218,57,500000,Health,107141,0,6,438,1,0,0,0,0,0,0,0.0
63,M,174571,190,401,100000,Life,374468,0,9,541,0,1,0,1,0,0,0,0.0
41,F,128856,163,143,250000,Life,325900,2,9,1046,0,2,0,1,0,0,0,1.0
67,M,91635,180,370,500000,Life,445196,2,7,833,0,1,0,1,0,0,0,1.0
49,F,127803,34,476,250000,Auto,481962,0,8,797,0,1,0,1,0,0,0,0.0
64,M,55946,41,88,500000,Life,76390,1,8,560,1,3,0,0,0,0,0,0.0
39,F,75204,307,130,1000000,Auto,56733,0,1,762,0,3,0,0,0,0,0,0.0
40,M,35563,338,236,100000,Health,121218,2,6,467,1,0,0,1,0,0,0,0.0
19,F,112324,314,133,50000,Life,3214,0,6,675,1,2,0,0,0,0,0,0.0
44,M,29847,75,137,500000,Health,49868,2,3,685,0,3,0,0,0,1,0,0.0
59,M,46155,279,291,500000,Home,310372,2,8,138,0,0,0,0,0,0,0,1.0
19,F,99671,176,391,250000,Health,413344,0,7,578,0,2,0,1,0,1,1,1.0
43,F,136891,150,142,1000000,Home,83223,0,0,710,0,0,0,0,0,0,0,0.0
34,M,103310,273,135,250000,Health,166505,1,1,228,0,3,0,0,0,1,0,0.0
57,F,169381,325,93,250000,Auto,3274,2,1,281,0,0,0,0,0,0,0,0.0
50,M,151691,108,186,1000000,Health,117869,1,7,684,0,2,0,0,0,0,0,0.0
26,M,54707,139,470,50000,Auto,297642,0,0,828,1,2,0,1,0,0,0,0.0
60,M,171409,350,123,250000,Auto,429245,2,3,431,0,0,0,1,1,0,0,1.0
71,F,101537,271,85,250000,Life,135493,1,9,1064,0,2,0,0,0,0,0,0.0
65,M,198686,347,150,500000,Auto,385793,1,4,302,0,0,0,0,0,0,0,0.0
56,M,111155,289,205,1000000,Home,186593,1,8,533,0,2,0,0,0,0,0,0.0
46,F,20281,212,475,100000,Life,597023,0,6,769,1,0,0,1,0,0,0,0.0
59,F,178492,272,304,50000,Life,217170,0,7,444,0,0,0,1,0,0,0,0.0
72,F,190102,66,220,50000,Health,399117,0,8,1057,0,0,0,1,0,1,0,1.0
43,F,152130,248,265,1000000,Auto,409391,2,6,260,0,1,0,0,0,0,0,1.0
52,M,96260,156,219,500000,Auto,495771,0,4,739,1,2,0,1,0,1,0,1.0
67,M,179476,47,301,500000,Home,369459,2,4,796,0,3,0,0,0,1,0,1.0
42,M,180928,201,409,1000000,Health,150156,1,9,70,1,0,0,0,1,0,0,0.0
41,M,160272,148,371,500000,Health,144033,1,5,983,0,1,0,0,0,0,0,0.0
30,F,84178,124,104,50000,Life,99070,0,4,481,1,3,0,1,0,0,0,0.0
24,M,53997,1,481,50000,Life,82303,1,8,24,1,0,1,1,0,0,0,1.0
74,M,176683,247,140,100000,Life,192419,0,2,965,0,3,0,1,0,0,0,0.0
53,F,139273,343,327,1000000,Home,200273,2,2,746,1,1,0,0,0,0,0,0.0
62,M,192307,128,150,250000,Home,502046,1,6,845,0,3,0,1,0,0,0,0.0
37,M,186129,191,204,250000,Life,443933,0,6,325,0,0,0,1,0,0,0,0.0
18,M,152311,67,426,100000,Health,217826,1,5,798,0,3,0,1,1,0,0,1.0
25,M,146945,4,398,100000,Home,597290,1,2,18,0,3,1,1,0,0,0,1.0
63,M,65272,303,413,500000,Health,92272,0,6,44,1,0,0,0,0,0,0,0.0
33,M,109393,294,190,100000,Health,544444,1,4,155,0,1,0,1,1,0,0,0.0
31,F,81212,143,222,100000,Auto,138554,1,6,867,1,1,0,1,0,0,0,0.0
29,F,166470,191,59,250000,Life,55839,1,1,922,0,3,0,0,0,1,0,0.0
68,M,140030,21,277,500000,Auto,48739,1,5,743,0,2,0,0,0,0,0,0.0
40,M,76503,227,314,100000,Life,453154,2,7,225,0,3,0,1,0,0,0,1.0
32,F,157710,313,487,100000,Life,439357,1,0,217,0,2,0,1,0,0,0,0.0
45,M,26570,117,297,500000,Health,596782,1,3,31,0,3,0,1,0,1,0,1.0
51,M,88785,302,296,1000000,Life,329901,0,0,1083,0,1,0,0,0,0,0,0.0
19,M,29110,142,204,500000,Health,182547,2,0,898,0,3,0,0,0,0,0,0.0
49,F,99141,39,83,250000,Health,348686,0,9,935,1,3,0,1,0,1,0,1.0
40,M,32115,355,178,1000000,Life,380169,0,7,445,0,2,0,0,0,0,0,0.0
39,F,59062,252,209,50000,Health,4236,0,6,530,0,1,0,0,0,0,0,0.0
68,M,42911,333,138,500000,Health,61968,2,9,738,1,2,0,0,1,0,0,0.0
42,F,124061,207,142,250000,Health,344507,0,0,874,1,3,0,1,0,0,0,0.0
39,F,52556,210,376,1000000,Home,111057,0,1,566,0,0,0,0,0,0,0,0.0
39,M,148335,115,290,500000,Health,539867,0,3,76,1,3,0,1,0,0,0,0.0
66,F,21969,225,372,100000,Home,119492,1,0,547,0,3,0,1,0,0,0,0.0
69,M,63753,134,453,500000,Home,201628,0,2,267,0,2,0,0,0,0,0,0.0
59,F,155542,251,166,50000,Health,234947,2,7,317,0,0,0,1,0,0,0,0.0
23,M,141863,219,143,500000,Health,302139,2,7,25,1,0,1,0,0,0,0,1.0
32,M,30225,91,212,1000000,Home,265964,1,7,160,1,2,0,0,0,0,0,0.0
71,F,143008,354,148,1000000,Home,281511,2,5,596,0,1,0,0,0,0,0,0.0
60,M,174268,46,162,500000,Health,146868,2,5,900,0,0,0,0,0,0,0,0.0
54,M,125823,38,408,1000000,Health,315608,1,4,502,0,0,0,0,0,0,0,0.0
50,F,33669,142,140,100000,Life,416661,0,8,1013,1,2,0,1,0,0,0,0.0
25,M,188452,100,395,500000,Home,51667,1,3,703,0,1,0,0,0,0,0,0.0
70,M,144398,328,255,100000,Home,91329,0,9,1,0,1,1,1,0,0,0,1.0
61,F,130677,190,66,100000,Life,412701,0,6,741,1,3,0,1,0,0,0,0.0
61,F,68320,35,323,250000,Home,476974,2,0,320,1,3,0,1,0,0,0,1.0
22,M,198486,147,222,500000,Auto,199416,1,8,382,0,2,0,0,0,0,1,0.0
56,M,166649,30,165,1000000,Home,164091,2,6,898,0,1,0,0,0,0,0,0.0
21,F,145354,334,398,100000,Life,581584,2,9,717,0,2,0,1,0,0,0,1.0
23,F,108009,84,230,250000,Auto,472717,0,8,307,0,3,0,1,0,0,0,0.0
62,M,48625,281,140,500000,Health,33424,2,6,391,0,2,0,0,0,1,0,0.0
49,F,44089,344,131,500000,Life,394868,1,1,990,0,2,0,0,0,0,0,0.0
69,M,56487,270,373,50000,Life,51372,2,5,298,0,0,0,1,0,0,0,0.0
47,M,130448,154,498,50000,Health,429169,2,9,233,1,0,0,1,0,1,0,1.0
64,M,70138,102,163,100000,Life,249364,0,3,271,0,0,0,1,0,0,0,0.0
52,M,193895,215,306,50000,Home,236638,1,2,1084,0,3,0,1,0,0,0,0.0
72,M,188280,150,107,100000,Health,579063,2,1,677,0,2,0,1,0,0,0,1.0
57,F,74061,83,203,1000000,Life,515547,0,5,706,0,0,0,0,0,0,0,0.0
69,F,181731,110,414,100000,Health,73691,2,7,234,1,0,0,0,0,0,0,0.0
33,F,121376,275,453,50000,Health,463506,1,5,845,0,0,0,1,0,0,0,0.0
30,F,182962,201,165,1000000,Health,153806,2,8,491,0,3,0,0,0,0,0,0.0
67,M,99134,284,392,50000,Auto,294607,2,4,503,0,3,0,1,1,0,0,1.0
59,M,67055,173,315,100000,Life,194924,0,1,890,0,2,0,1,0,0,0,0.0
47,M,39508,327,364,250000,Auto,339248,2,7,592,0,2,0,1,0,1,0,1.0
36,M,193359,206,252,500000,Life,113727,0,8,746,0,2,0,0,1,0,0,0.0
34,F,178056,63,90,50000,Home,289114,1,9,428,0,0,0,1,0,0,0,0.0
73,M,130169,73,154,100000,Home,37494,2,3,697,0,1,0,0,0,0,0,0.0
36,M,28125,251,438,1000000,Home,79895,1,5,646,1,3,0,0,0,0,0,0.0
45,F,56059,124,427,50000,Life,342653,1,9,732,0,0,0,1,0,0,0,0.0
72,F,123409,121,242,50000,Health,42237,2,7,800,1,0,0,1,0,0,0,0.0
43,F,168159,275,450,500000,Health,393469,0,8,364,0,2,0,0,0,0,0,0.0
54,F,25704,120,327,100000,Auto,139025,1,4,202,0,2,0,1,0,0,0,0.0
43,M,131279,317,403,250000,Auto,536767,1,5,882,1,0,0,1,0,0,0,0.0
70,M,178280,164,286,1000000,Home,121269,2,3,146,0,3,0,0,0,0,0,0.0
40,F,138516,286,474,100000,Auto,169539,2,4,836,1,3,0,1,0,1,0,1.0
26,M,190954,265,270,1000000,Life,149272,2,6,639,0,0,0,0,0,1,0,0.0
29,M,176995,320,117,50000,Life,375333,2,8,135,0,1,0,1,0,0,0,1.0
70,M,134044,161,246,500000,Auto,535437,2,9,626,0,1,0,1,0,0,0,1.0
18,F,49165,308,305,500000,Auto,394102,2,5,64,0,3,0,0,0,0,0,1.0
18,M,87203,89,188,250000,Auto,463220,0,5,491,0,2,0,1,0,0,0,0.0
64,F,24114,142,361,500000,Auto,168212,1,7,41,1,1,0,0,0,1,0,0.0
51,M,56321,203,484,50000,Home,224162,0,3,1027,0,1,0,1,0,0,0,0.0
49,M,93297,309,198,250000,Home,58086,0,2,913,1,2,0,0,0,0,0,0.0
71,M,116652,227,148,100000,Auto,432078,2,6,975,0,1,0,1,0,1,0,1.0
65,F,119304,334,125,500000,Life,357018,1,4,368,0,0,0,0,0,0,0,0.0
42,M,176498,222,331,250000,Home,105415,0,1,918,0,1,0,0,0,0,0,0.0
57,F,37772,41,420,50000,Life,319448,2,1,1028,0,2,0,1,0,0,0,1.0
62,F,123754,196,452,1000000,Health,282329,2,5,244,1,0,0,0,0,0,0,0.0
70,F,23712,68,158,1000000,Life,468113,1,7,902,1,1,0,0,0,0,0,0.0
18,M,152439,264,237,50000,Auto,225787,0,0,166,0,3,0,1,0,0,0,0.0
33,M,135142,2,248,50000,Health,296224,0,5,1050,0,0,0,1,0,0,0,0.0
56,M,111736,125,352,1000000,Home,145313,0,1,1041,0,0,0,0,0,0,0,0.0
22,M,71924,110,376,250000,Home,15996,2,1,728,0,3,0,0,0,0,0,0.0
39,F,23726,86,203,1000000,Health,89453,1,6,483,0,3,0,0,0,0,0,0.0
46,F,109152,120,89,50000,Life,29913,1,9,543,0,1,0,0,0,0,0,0.0
72,F,47723,127,182,500000,Home,65779,0,0,931,0,1,0,0,0,0,0,0.0
20,M,146969,255,454,100000,Auto,397898,2,5,400,0,2,0,1,0,0,0,1.0
29,F,120494,183,181,500000,Health,209855,0,6,619,0,2,0,0,0,0,0,0.0
43,M,160180,16,328,500000,Auto,273641,1,7,879,0,0,0,0,0,0,0,0.0
33,F,55643,62,411,50000,Health,299255,2,6,101,0,3,0,1,0,0,0,1.0
68,M,182396,158,133,1000000,Home,355498,0,5,880,0,3,0,0,0,0,0,0.0
54,M,123896,268,448,250000,Life,437580,0,8,830,1,2,0,1,0,0,0,0.0
39,F,159999,35,291,500000,Health,566705,2,2,759,0,0,0,1,0,0,0,1.0
74,F,113680,267,165,1000000,Health,179086,1,5,163,0,0,0,0,0,0,0,0.0
46,F,116546,64,158,250000,Auto,215805,2,3,502,1,2,0,1,0,0,0,0.0
31,F,173515,50,270,500000,Home,302340,0,1,547,1,2,0,0,0,0,0,0.0
45,M,99973,255,441,250000,Auto,316029,0,0,381,1,2,0,1,0,0,0,0.0
22,F,83449,149,90,1000000,Home,52444,0,0,870,0,1,0,0,0,0,0,0.0
64,F,129834,325,417,100000,Auto,475959,0,9,905,0,0,0,1,0,0,0,0.0
66,F,45537,304,196,1000000,Health,458919,1,2,1002,0,0,0,0,0,1,0,0.0
47,M,97576,276,161,50000,Auto,159584,1,3,609,0,0,0,1,0,0,0,0.0
63,M,127522,357,152,250000,Life,110589,0,1,307,0,2,0,0,0,0,0,0.0
69,F,42612,172,95,100000,Home,444974,1,0,55,0,2,0,1,0,0,0,0.0
22,M,26471,201,461,250000,Home,493157,1,3,983,1,2,0,1,0,0,0,0.0
29,F,186703,324,373,250000,Health,442865,1,6,333,0,2,0,1,0,0,0,0.0
33,M,51348,35,427,500000,Home,11649,0,9,127,0,3,0,0,0,0,0,0.0
43,M,21177,216,320,50000,Life,464532,2,5,705,0,2,0,1,0,0,0,1.0
43,M,155832,65,470,250000,Auto,25839,2,5,243,0,1,0,0,0,0,0,0.0
65,M,52779,8,434,1000000,Health,15216,2,8,600,0,3,0,0,0,0,0,0.0
38,F,41636,301,244,1000000,Life,544433,0,1,503,1,3,0,0,0,0,0,0.0
56,F,101889,343,416,500000,Home,35809,1,3,604,0,2,0,0,1,0,0,0.0
53,F,73551,332,329,50000,Home,229267,1,4,303,0,0,0,1,0,0,0,0.0
50,M,162628,76,332,50000,Life,305163,0,0,235,0,2,0,1,0,0,0,0.0
47,F,178670,174,89,1000000,Auto,486221,0,7,1062,1,0,0,0,0,0,0,0.0
54,F,162635,47,496,100000,Auto,219322,2,7,139,0,2,0,1,0,0,0,0.0
40,F,66819,15,238,500000,Health,529887,2,5,195,0,2,0,1,0,0,0,1.0
27,M,93770,147,213,500000,Home,563429,0,4,647,0,0,0,1,0,0,0,0.0
71,M,178038,26,73,1000000,Life,293559,2,7,1,0,0,1,0,0,0,1,0.0
22,M,178059,308,73,1000000,Auto,132471,1,2,561,1,0,0,0,0,0,0,0.0
53,F,98714,93,53,100000,Health,382750,0,2,713,1,0,0,1,0,0,0,0.0
51,F,44596,232,372,100000,Home,212335,0,1,413,0,1,0,1,0,0,0,0.0
69,F,184246,21,339,50000,Home,353891,1,4,538,0,0,0,1,0,0,1,0.0
48,M,84106,307,490,500000,Health,294599,1,2,429,0,2,0,0,0,1,0,0.0
27,M,79182,38,482,500000,Health,336049,1,2,235,0,2,0,0,0,0,0,0.0
36,F,107163,276,230,1000000,Auto,330611,2,5,349,0,1,0,0,0,0,0,1.0
49,M,59310,157,297,50000,Life,372150,0,7,396,0,0,0,1,0,0,0,0.0
18,M,76088,179,165,500000,Home,379653,2,1,416,0,2,0,0,0,0,0,1.0
73,M,148803,132,328,50000,Life,116320,1,3,916,1,1,0,1,0,0,0,0.0
22,M,159978,311,414,50000,Home,221521,2,6,1075,0,2,0,1,0,0,0,0.0
62,F,56914,348,118,1000000,Home,349417,1,0,81,1,1,0,0,0,1,0,0.0
21,M,130350,28,400,50000,Life,3189,2,0,36,1,1,0,0,0,0,0,0.0
33,M,65379,260,303,100000,Health,282903,2,9,1091,0,3,0,1,0,0,0,0.0
41,M,188722,76,230,100000,Auto,307422,1,6,641,0,3,0,1,0,0,0,0.0
33,M,197953,67,367,250000,Home,513369,2,6,882,1,0,0,1,0,0,0,1.0
72,F,66413,342,218,1000000,Health,347286,0,0,757,0,3,0,0,0,0,0,0.0
19,F,157084,194,362,250000,Home,368715,2,0,623,0,1,0,1,0,0,0,1.0
66,M,27151,162,298,100000,Auto,201898,2,3,468,1,2,0,1,0,0,0,0.0
45,M,77716,347,237,250000,Home,332355,0,4,356,1,2,0,1,0,0,0,0.0
49,M,113747,257,103,1000000,Auto,237203,1,4,709,0,0,0,0,0,0,0,0.0
44,M,187450,72,375,1000000,Auto,89342,0,3,1020,0,3,0,0,0,0,0,0.0
37,M,193724,87,406,50000,Home,375448,2,7,902,0,0,0,1,0,1,0,1.0
41,M,164539,262,362,500000,Home,154056,1,6,673,0,1,0,0,0,0,0,0.0
29,F,182082,214,187,50000,Auto,584426,2,8,439,0,3,0,1,0,0,0,1.0
67,M,141999,153,217,1000000,Health,582174,2,6,531,1,0,0,0,0,0,0,1.0
52,F,134793,210,440,100000,Life,165350,0,9,127,0,2,0,1,0,0,0,0.0
50,F,128177,61,152,100000,Auto,522920,0,0,205,1,2,0,1,0,0,0,0.0
50,M,32289,268,471,50000,Home,262778,1,6,29,0,0,1,1,0,0,0,1.0
68,F,196048,262,134,1000000,Home,298354,1,0,445,0,0,0,0,0,0,0,0.0
60,F,194668,218,366,100000,Health,415785,1,6,966,0,0,0,1,0,0,0,0.0
54,F,174243,283,261,1000000,Life,326260,2,9,464,1,1,0,0,0,0,0,1.0
29,F,106365,136,52,100000,Auto,46333,0,7,151,0,1,0,0,0,0,0,0.0
20,F,134014,93,433,1000000,Auto,197880,0,8,240,1,2,0,0,0,0,0,0.0
18,F,195211,109,228,250000,Life,451548,0,2,266,0,1,0,1,1,0,0,0.0
50,M,199785,241,391,1000000,Auto,106411,1,3,913,0,1,0,0,0,0,0,0.0
57,F,180806,355,352,1000000,Life,558797,0,3,497,0,3,0,0,1,0,0,1.0
27,F,92588,142,381,50000,Home,402054,0,8,685,0,1,0,1,0,0,0,0.0
60,F,83646,291,87,250000,Life,496346,0,6,158,1,3,0,1,0,0,0,0.0
61,M,23654,237,469,500000,Auto,29809,1,2,172,0,1,0,0,0,0,0,0.0
46,F,38743,340,288,50000,Life,463,0,9,494,0,2,0,0,0,0,0,0.0
30,M,68368,312,218,500000,Health,494929,1,4,970,0,0,0,1,0,0,0,0.0
29,F,157513,177,446,100000,Home,396556,0,6,676,0,2,0,1,0,1,0,1.0
48,M,139735,141,392,500000,Home,465517,0,7,659,1,1,0,1,0,0,0,0.0
63,M,175683,189,363,1000000,Life,45789,0,0,903,0,0,0,0,1,1,0,0.0
19,F,139891,49,355,500000,Auto,264180,1,1,666,1,0,0,0,0,0,0,0.0
68,F,127971,302,79,50000,Health,175137,1,6,367,1,0,0,1,0,0,0,0.0
67,M,32149,190,239,50000,Home,208706,0,1,550,1,3,0,1,0,0,0,0.0
52,F,120102,136,406,500000,Home,982,2,6,643,1,2,0,0,0,0,0,0.0
40,M,79189,43,74,50000,Auto,413540,1,8,255,1,3,0,1,0,0,0,0.0
34,M,172747,353,161,50000,Auto,125965,1,1,208,0,0,0,1,0,0,0,0.0
43,M,91031,90,460,500000,Health,424141,0,6,450,0,2,0,1,0,1,0,0.0
25,M,62668,295,484,250000,Life,464056,2,3,95,0,2,0,1,0,0,0,1.0
46,M,164745,341,255,250000,Auto,28985,0,1,839,1,1,0,0,0,0,0,0.0
43,F,108204,245,234,100000,Life,396519,1,6,478,0,3,0,1,1,0,0,1.0
27,M,174741,192,431,50000,Health,395560,1,4,683,0,3,0,1,0,0,0,0.0
43,M,185140,318,428,500000,Life,360566,0,0,762,0,1,0,0,0,0,0,0.0
51,F,160507,106,96,50000,Home,330863,0,4,190,0,3,0,1,0,0,0,0.0
68,M,57384,310,423,1000000,Life,21684,2,2,711,0,0,0,0,0,1,0,0.0
58,F,101929,233,277,50000,Health,553451,2,6,756,0,0,0,1,0,0,0,1.0
24,F,147959,265,88,50000,Health,70368,1,5,836,0,3,0,1,0,0,0,0.0
21,F,96153,344,65,250000,Health,380450,2,7,133,0,1,0,1,0,0,0,1.0
70,M,95388,37,71,500000,Life,458268,2,4,55,0,2,0,1,0,0,0,1.0
67,M,51401,305,262,50000,Home,170735,1,1,510,0,3,0,1,0,0,0,0.0
62,M,139503,41,359,250000,Auto,170924,1,8,670,0,2,0,0,0,0,0,0.0
28,F,147834,17,198,100000,Home,395883,1,7,410,0,1,0,1,0,0,0,0.0
46,M,54084,344,290,250000,Life,409437,1,5,987,1,2,0,1,0,0,0,0.0
73,F,130641,277,321,250000,Life,109976,0,9,734,1,1,0,0,0,0,0,0.0
53,M,125111,307,108,250000,Auto,198253,1,6,259,1,1,0,0,0,0,0,0.0
42,F,187523,59,336,50000,Life,23431,1,8,299,1,0,0,0,1,0,0,0.0
38,M,158299,183,475,50000,Health,23104,1,6,561,0,0,0,0,0,0,0,0.0
74,M,182982,41,251,100000,Health,238541,2,2,297,0,1,0,1,0,0,0,0.0
53,M,56041,39,81,1000000,Health,403808,1,5,362,0,3,0,0,0,0,0,0.0
27,F,108920,192,492,1000000,Health,448113,0,6,589,0,0,0,0,0,0,0,0.0
54,F,85681,267,211,1000000,Health,189267,0,1,127,0,1,0,0,0,0,0,0.0
26,M,101571,147,304,100000,Life,282360,1,2,197,0,2,0,1,0,0,0,0.0
41,M,147556,333,303,1000000,Auto,543055,0,3,221,0,2,0,0,0,1,0,0.0
52,F,46160,127,58,1000000,Auto,337301,2,9,995,0,3,0,0,0,0,0,1.0
66,F,37633,46,188,250000,Health,598593,1,5,91,0,2,0,1,0,0,0,0.0
52,F,37014,45,59,50000,Life,27402,0,0,411,0,2,0,0,0,0,0,0.0
65,M,100532,1,263,50000,Home,404599,0,8,8,0,1,1,1,0,0,0,1.0
53,F,69104,168,322,250000,Home,162107,1,4,544,0,2,0,0,0,0,0,0.0
35,M,192693,108,373,250000,Life,596922,0,6,468,1,2,0,1,0,0,0,0.0
66,F,97231,19,97,250000,Health,162796,1,8,320,0,2,0,0,0,0,0,0.0
56,M,88388,332,485,50000,Auto,13540,0,8,269,0,2,0,0,0,0,0,0.0
49,F,36014,72,160,1000000,Life,373245,2,0,61,0,1,0,0,0,0,0,1.0
41,F,112578,109,202,250000,Home,308745,0,0,797,0,2,0,1,0,1,0,1.0
40,F,184827,268,172,100000,Home,394585,0,2,553,1,3,0,1,0,0,1,0.0
49,F,60390,240,454,250000,Home,340153,1,5,926,0,0,0,1,0,0,0,0.0
54,F,43711,301,406,500000,Health,540122,0,1,661,0,3,0,1,0,1,0,1.0
29,M,111658,90,151,250000,Home,172509,1,9,716,0,0,0,0,0,0,0,0.0
66,F,77993,103,290,50000,Life,433641,2,0,779,0,3,0,1,0,0,0,1.0
72,F,178285,250,370,250000,Life,345844,1,0,194,0,0,0,1,0,0,0,0.0
30,F,27421,8,240,500000,Home,507273,1,4,482,1,0,0,1,0,0,0,0.0
40,M,37727,153,266,100000,Life,211755,0,3,855,0,0,0,1,0,0,0,0.0
42,F,132418,347,100,1000000,Home,466936,2,0,498,0,0,0,0,0,0,0,1.0
52,M,24358,174,341,250000,Home,432284,1,3,212,0,1,0,1,0,0,0,0.0
58,F,85108,343,130,500000,Auto,161249,0,2,665,0,3,0,0,0,0,0,0.0
47,F,114018,158,432,500000,Health,239754,0,1,670,1,0,0,0,0,0,0,0.0
34,M,144457,215,137,100000,Health,428091,1,8,221,0,3,0,1,0,0,0,0.0
66,F,183189,177,243,50000,Auto,189316,0,0,273,0,2,0,1,0,0,0,0.0
37,M,51910,175,153,250000,Auto,177269,1,6,279,0,0,0,0,0,0,0,0.0
65,M,146888,340,320,500000,Health,131927,1,3,816,0,3,0,0,0,0,0,0.0
42,F,75754,338,145,100000,Home,301507,1,4,276,0,1,0,1,0,0,0,0.0
39,M,129847,146,472,1000000,Home,317331,2,9,1005,0,3,0,0,0,0,0,1.0
30,F,180443,324,428,500000,Health,575870,1,4,514,0,0,0,1,0,0,0,0.0
36,F,58467,161,247,100000,Home,123089,0,0,923,1,2,0,1,0,0,0,0.0
66,M,168697,127,50,50000,Auto,410716,2,5,642,1,3,0,1,0,0,0,1.0
53,M,53893,82,456,50000,Home,276493,0,8,505,0,2,0,1,0,0,0,0.0
29,M,96329,147,427,500000,Home,299950,2,1,590,1,1,0,0,0,0,0,1.0
58,M,51007,239,216,500000,Life,361285,2,6,772,0,3,0,0,0,0,0,1.0
36,F,190604,84,175,250000,Life,41239,2,5,740,1,3,0,0,0,0,1,0.0
29,F,74253,113,362,100000,Life,303546,2,4,675,0,1,0,1,1,0,0,1.0
26,M,32323,225,130,500000,Home,225856,0,3,1014,0,1,0,0,1,0,0,0.0
24,F,131335,332,467,250000,Health,350082,1,3,128,0,1,0,1,0,0,0,0.0
45,F,132356,243,300,250000,Auto,351236,0,5,503,0,0,0,1,1,0,0,0.0
31,F,130944,143,218,500000,Home,548165,1,3,902,0,0,0,1,0,0,0,0.0
48,F,165282,41,122,50000,Health,58039,0,4,543,0,3,0,1,0,0,0,0.0
69,M,36456,258,190,100000,Home,446342,2,5,492,0,3,0,1,0,0,0,1.0
36,M,51367,285,119,100000,Auto,23648,2,4,1045,0,3,0,0,0,0,0,0.0
64,F,74624,105,311,50000,Home,456537,1,6,714,0,2,0,1,0,0,0,0.0
33,M,161178,202,389,500000,Auto,434017,1,8,791,0,1,0,1,1,0,0,0.0
70,M,88008,307,357,100000,Home,444603,0,9,416,0,3,0,1,0,0,0,0.0
22,M,145926,331,294,500000,Auto,137899,1,6,148,0,1,0,0,0,0,0,0.0
52,F,135395,266,52,500000,Home,181889,0,6,970,0,0,0,0,0,0,0,0.0
29,F,136492,210,386,250000,Auto,425743,1,3,29,1,1,1,1,0,0,0,1.0
42,F,92240,51,112,50000,Life,556013,1,0,308,1,2,0,1,0,0,0,0.0
69,M,84315,118,98,500000,Home,434452,1,7,162,1,2,0,1,0,0,0,0.0
38,F,30756,201,125,1000000,Home,445725,2,3,869,0,1,0,0,0,0,0,1.0
53,F,56378,39,417,50000,Health,347399,2,0,852,0,2,0,1,0,0,0,1.0
70,M,155327,28,224,100000,Health,111876,0,4,61,0,2,0,1,0,1,0,1.0
40,F,165556,259,158,250000,Auto,513724,1,7,125,0,0,0,1,0,0,0,0.0
33,F,145703,84,232,100000,Home,212903,0,3,838,0,3,0,1,1,1,0,1.0
74,M,76549,155,241,100000,Auto,158861,1,7,466,0,2,0,1,0,0,0,0.0
56,M,185575,117,114,50000,Life,497973,2,7,243,0,3,0,1,0,0,0,1.0
62,M,93794,2,386,100000,Health,357192,2,2,473,0,1,0,1,0,0,0,1.0
70,F,65113,93,320,500000,Auto,21441,1,8,959,0,1,0,0,0,0,0,0.0
59,F,94069,166,149,100000,Auto,359798,1,2,533,0,2,0,1,1,0,0,0.0
56,F,156321,350,81,250000,Health,205853,2,0,494,1,1,0,1,0,0,0,0.0
31,M,170273,296,401,250000,Home,308574,2,1,899,0,0,0,1,0,0,0,1.0
48,M,145541,258,177,1000000,Auto,350003,0,5,82,1,2,0,0,0,0,0,0.0
22,F,29686,81,451,250000,Health,349051,2,9,856,0,2,0,1,1,0,0,1.0
52,F,73363,268,418,100000,Home,309144,1,1,879,1,2,0,1,0,0,0,0.0
40,M,117543,235,388,250000,Life,78940,0,5,923,0,1,0,0,0,0,0,0.0
46,M,151733,321,92,50000,Health,165867,1,0,12,0,1,1,1,0,0,0,1.0
60,M,195915,311,421,250000,Auto,161397,0,0,449,0,2,0,0,0,0,0,0.0
28,M,115673,301,468,500000,Life,49256,1,4,762,0,3,0,0,0,0,0,0.0
35,F,62828,357,127,50000,Home,208381,2,9,26,0,1,1,1,0,0,0,1.0
64,M,68604,213,363,1000000,Home,87553,1,8,508,0,1,0,0,0,1,0,0.0
29,F,30526,62,338,500000,Health,26038,0,7,62,1,2,0,0,0,0,0,0.0
26,F,88910,49,319,100000,Health,59264,1,2,229,0,3,0,0,0,0,0,0.0
27,F,45592,127,211,100000,Health,447846,0,2,607,1,2,0,1,0,0,0,0.0
61,M,48982,223,238,100000,Home,584670,1,0,1059,0,1,0,1,0,0,0,0.0
34,M,20207,279,296,500000,Life,310045,2,2,891,0,2,0,0,0,0,0,1.0
55,M,108733,294,437,500000,Home,402781,2,0,761,1,2,0,1,0,0,0,1.0
24,M,144982,284,265,500000,Auto,265570,1,7,595,0,2,0,0,0,0,0,0.0
63,F,88619,277,364,50000,Home,115919,1,0,1049,0,3,0,1,0,0,0,0.0
30,M,180400,107,462,50000,Auto,267007,1,4,1056,1,2,0,1,0,0,0,0.0
57,M,66479,146,388,100000,Life,481973,0,8,1036,0,1,0,1,0,0,0,0.0
59,F,171175,99,439,250000,Health,142000,1,6,1,0,2,1,0,0,0,0,0.0
26,M,190963,73,426,100000,Health,309832,1,3,133,0,3,0,1,0,0,0,0.0
67,F,161826,122,482,1000000,Home,404527,0,8,86,0,0,0,0,0,0,0,0.0
44,F,101437,30,217,50000,Health,537957,2,8,516,0,3,0,1,0,0,0,1.0
19,F,118540,188,388,500000,Life,228066,1,1,175,0,2,0,0,0,0,0,0.0
22,F,92982,354,242,50000,Health,37960,1,9,763,1,0,0,0,0,0,0,0.0
46,F,122747,288,332,500000,Home,202730,2,9,1045,1,2,0,0,0,0,0,0.0
54,F,68231,195,385,1000000,Life,523325,2,5,997,0,3,0,0,0,0,0,1.0
55,F,49301,156,439,1000000,Auto,596083,0,3,578,0,0,0,0,0,0,0,0.0
36,F,192395,172,62,50000,Home,253178,1,7,49,0,0,0,1,0,0,0,0.0
25,M,38752,335,289,500000,Auto,368993,1,6,528,1,2,0,0,0,0,0,0.0
65,M,118452,41,369,1000000,Life,156076,0,6,145,0,2,0,0,0,0,0,0.0
62,M,164467,63,495,100000,Home,5736,2,9,762,0,3,0,0,0,0,0,0.0
18,M,141237,23,196,100000,Home,261678,0,8,929,1,2,0,1,0,0,0,0.0
39,F,76273,75,253,500000,Life,339373,2,4,794,1,0,0,0,0,1,0,1.0
69,M,111878,48,129,50000,Health,283916,0,5,319,0,1,0,1,0,0,0,0.0
34,F,24895,160,428,1000000,Home,227793,2,0,698,1,1,0,0,0,1,0,0.0
24,M,139968,313,92,50000,Home,521493,0,5,847,0,3,0,1,0,0,0,0.0
42,M,135700,118,138,100000,Auto,754,2,1,783,0,2,0,0,0,0,0,0.0
62,M,96559,100,197,1000000,Health,579021,2,5,42,0,3,0,0,0,0,0,1.0
21,F,30699,167,144,50000,Auto,17243,2,8,529,0,1,0,0,0,0,0,0.0
53,M,29715,290,477,250000,Auto,580322,2,7,292,0,1,0,1,0,0,0,1.0
23,F,39169,156,200,500000,Health,329578,2,8,969,0,2,0,0,0,0,0,1.0
48,F,138413,7,51,500000,Health,125951,1,9,97,0,0,0,0,0,0,0,0.0
36,M,167235,196,425,250000,Life,553475,2,7,74,0,2,0,1,0,0,0,1.0
61,M,139264,56,71,100000,Health,311111,1,2,1092,0,1,0,1,0,0,0,0.0
71,M,25782,321,420,1000000,Home,444344,2,7,758,1,0,0,0,0,0,0,1.0
56,F,144481,193,362,500000,Health,158372,1,5,208,0,3,0,0,0,0,0,0.0
44,M,55585,47,377,250000,Life,226279,1,5,410,0,1,0,1,0,0,0,0.0
27,F,50682,148,56,250000,Life,502816,0,5,331,0,3,0,1,0,0,0,0.0
43,F,198936,275,255,100000,Life,217608,2,2,344,1,0,0,1,0,0,0,0.0
36,M,149992,157,489,100000,Health,350136,0,9,989,1,3,0,1,1,0,0,1.0
56,M,104416,202,424,50000,Health,219731,0,0,771,0,1,0,1,0,0,0,0.0
20,F,147810,126,163,500000,Auto,382288,2,3,74,0,2,0,0,0,0,0,1.0
62,F,58067,305,321,50000,Auto,39248,0,9,254,1,3,0,0,0,0,0,0.0
30,F,193757,294,132,250000,Home,151870,2,5,959,1,1,0,0,0,0,0,0.0
67,M,38073,64,228,1000000,Auto,435786,0,9,820,0,1,0,0,0,0,0,0.0
45,F,56035,325,259,1000000,Home,485387,2,1,986,0,0,0,0,0,0,0,1.0
37,M,110373,176,377,100000,Life,296001,2,6,332,1,1,0,1,0,0,0,0.0
45,F,103362,116,173,1000000,Auto,78112,2,6,747,0,2,0,0,0,0,0,0.0
25,F,110517,204,162,1000000,Health,56216,1,3,836,0,2,0,0,0,0,0,0.0
58,M,85450,321,61,1000000,Auto,144333,0,3,455,1,3,0,0,0,0,0,0.0
56,F,30382,31,175,250000,Home,32252,1,0,313,0,3,0,0,0,0,0,0.0
18,M,155509,113,102,1000000,Auto,106479,0,1,1018,1,3,0,0,0,0,0,0.0
20,M,81929,325,380,1000000,Life,227005,0,8,228,0,3,0,0,0,0,0,0.0
30,F,118864,344,438,1000000,Health,20936,0,9,834,0,2,0,0,0,0,0,0.0
45,M,163401,67,332,50000,Home,221539,1,7,858,0,0,0,1,0,0,0,0.0
74,M,45169,75,189,250000,Health,186820,0,7,818,0,3,0,0,0,0,0,0.0
66,F,107468,45,450,100000,Health,157503,1,8,1018,1,0,0,1,0,0,0,0.0
42,M,54594,260,439,50000,Home,141935,2,6,528,1,1,0,1,0,0,0,0.0
73,M,65033,154,146,500000,Health,150359,0,8,950,0,1,0,0,0,0,0,0.0
50,M,83133,155,54,250000,Health,143129,0,9,427,0,3,0,0,0,0,0,0.0
55,F,93861,234,106,250000,Auto,397695,2,1,42,0,1,0,1,0,0,0,1.0
70,M,51750,51,461,500000,Health,394193,2,5,465,0,0,0,0,0,1,0,1.0
23,F,60461,306,383,500000,Health,345552,0,2,278,0,0,0,0,0,0,0,0.0
61,F,98222,262,118,500000,Health,444883,2,5,836,0,1,0,1,0,0,0,1.0
62,M,132020,315,167,100000,Health,320157,1,2,19,0,3,1,1,0,1,0,1.0
49,M,44226,125,425,1000000,Home,527025,1,7,66,0,0,0,0,0,0,0,0.0
62,M,26721,245,108,250000,Life,466094,0,3,167,0,0,0,1,0,1,0,1.0
64,F,40609,30,82,1000000,Auto,361752,1,9,1020,1,2,0,0,0,0,0,0.0
38,M,150513,122,367,1000000,Health,290986,1,5,403,1,3,0,0,0,0,0,0.0
33,M,124211,125,99,500000,Health,536219,0,8,409,0,2,0,1,0,0,0,0.0
71,M,199967,37,417,100000,Home,113868,2,1,112,0,1,0,1,0,0,0,0.0
38,M,156728,170,68,50000,Life,347336,0,1,597,1,1,0,1,0,0,0,0.0
28,M,144865,124,263,100000,Health,88841,1,6,651,0,2,0,1,0,1,0,0.0
54,F,94520,357,246,1000000,Home,18930,0,1,1063,0,3,0,0,1,0,0,1.0
53,F,84309,35,428,100000,Auto,317288,0,1,105,0,0,0,1,0,0,0,0.0
52,M,49984,87,499,500000,Auto,69302,1,3,324,0,1,0,0,0,0,0,0.0
36,M,138947,134,96,50000,Health,299289,1,8,992,1,3,0,1,0,0,0,0.0
37,M,25901,196,216,500000,Health,217494,0,7,429,1,3,0,0,0,1,0,0.0
74,M,182624,274,338,50000,Life,510573,1,1,635,0,1,0,1,0,1,0,1.0
35,F,51055,201,190,1000000,Life,202223,1,7,730,0,1,0,0,0,0,0,0.0
64,M,188757,285,133,50000,Health,157799,1,3,889,0,3,0,1,0,0,0,0.0
58,F,165788,77,231,50000,Home,277442,1,1,1085,0,0,0,1,0,0,0,0.0
66,F,134099,59,440,50000,Life,504755,1,9,393,0,2,0,1,0,0,0,0.0
31,M,31138,126,128,100000,Health,236924,1,6,204,1,1,0,1,0,0,0,0.0
32,F,186370,109,264,100000,Life,512314,2,5,258,0,2,0,1,0,0,0,1.0
48,F,43429,224,63,1000000,Health,19503,0,9,486,0,3,0,0,0,0,0,0.0
18,F,70200,278,264,50000,Auto,3781,1,4,446,1,2,0,0,0,0,0,0.0
70,F,199316,68,452,250000,Health,353799,0,0,1024,0,0,0,1,0,0,0,0.0
71,M,121268,69,177,1000000,Auto,398945,2,1,342,1,3,0,0,1,0,0,1.0
71,M,37347,165,359,50000,Life,93346,1,7,133,0,0,0,1,1,0,0,0.0
20,F,167992,305,297,50000,Health,95964,0,0,443,0,3,0,1,0,0,0,0.0
33,M,51822,162,453,100000,Life,208986,1,2,253,0,0,0,1,0,0,0,0.0
40,M,197731,342,78,1000000,Auto,270661,1,1,265,0,3,0,0,0,0,0,0.0
74,M,60108,309,329,50000,Health,381132,1,4,93,1,0,0,1,0,0,0,0.0
28,M,148955,343,387,50000,Life,165937,1,3,138,1,3,0,1,0,0,0,0.0
29,M,27967,42,368,1000000,Auto,245260,1,6,1002,0,0,0,0,0,0,0,0.0
27,F,130719,354,251,250000,Life,187746,1,4,307,0,3,0,0,0,1,0,0.0
49,M,31871,109,410,1000000,Home,483861,1,7,266,1,0,0,0,0,0,0,0.0
33,M,184685,51,106,1000000,Auto,256781,2,3,646,0,1,0,0,0,0,0,0.0
25,M,48179,250,441,250000,Auto,465583,2,5,318,0,2,0,1,0,0,0,1.0
55,M,75099,341,267,1000000,Auto,535720,1,3,901,1,3,0,0,0,0,0,0.0
29,F,55262,21,111,50000,Health,220426,1,1,454,1,0,0,1,0,0,0,0.0
41,F,98213,300,206,1000000,Health,261949,2,0,191,0,1,0,0,0,0,0,0.0
45,F,137407,139,251,250000,Health,319348,2,0,831,0,3,0,1,0,0,0,1.0
70,F,169340,359,66,500000,Home,346579,2,7,187,0,3,0,0,0,0,0,1.0
25,M,106269,324,371,1000000,Home,377182,1,3,819,0,3,0,0,0,0,0,0.0
45,F,80545,92,55,100000,Auto,80830,0,4,1021,1,2,0,1,0,0,0,0.0
53,M,59922,280,107,50000,Home,398267,0,7,132,0,0,0,1,1,0,0,0.0
43,M,62913,125,374,50000,Life,237574,0,6,872,1,0,0,1,0,1,0,1.0
25,M,117033,111,461,100000,Auto,290577,0,7,635,0,3,0,1,0,0,0,0.0
67,M,124792,354,367,100000,Auto,283917,1,7,691,1,3,0,1,0,0,0,0.0
45,M,197404,139,218,1000000,Life,565258,0,5,692,0,3,0,0,1,0,0,1.0
45,F,139863,273,131,100000,Auto,253117,2,9,1058,0,1,0,1,0,0,0,0.0
54,F,176104,99,474,500000,Home,333345,2,1,582,0,3,0,0,0,0,0,1.0
58,F,188918,252,482,250000,Health,25594,0,5,171,0,2,0,0,0,0,0,0.0
53,F,64936,338,268,100000,Life,388327,2,0,784,0,0,0,1,0,0,0,1.0
44,M,180866,104,226,100000,Home,374942,1,0,1083,1,2,0,1,0,0,0,0.0
71,F,48141,214,253,500000,Life,373804,0,2,181,0,3,0,0,0,0,0,0.0
34,M,160146,249,120,50000,Life,394151,0,2,19,1,1,1,1,0,0,0,1.0
26,F,157478,152,436,50000,Auto,280890,1,4,881,1,3,0,1,0,0,0,0.0
50,M,117359,250,315,1000000,Auto,123877,2,0,175,1,3,0,0,0,0,0,0.0
70,M,143279,275,147,500000,Home,299579,1,9,54,0,3,0,0,0,0,0,0.0
37,F,174363,165,394,250000,Life,133601,1,5,695,1,3,0,0,0,0,0,0.0
30,M,61568,341,340,250000,Auto,304194,2,6,863,0,3,0,1,0,0,0,1.0
45,M,117539,8,257,500000,Auto,585042,1,9,349,0,0,0,1,0,0,0,0.0
65,F,66851,284,51,250000,Life,369666,2,2,443,0,2,0,1,0,0,0,1.0
46,M,74823,5,173,50000,Home,372178,2,3,833,0,1,0,1,0,0,0,1.0
30,F,43312,145,329,250000,Home,120075,1,9,580,0,3,0,0,0,0,0,0.0
63,F,194180,101,123,250000,Life,353430,2,9,282,1,1,0,1,0,0,0,1.0
52,F,185243,164,215,500000,Home,366478,1,9,360,0,0,0,0,0,0,0,0.0
23,M,192851,147,71,500000,Auto,77627,2,9,915,0,2,0,0,0,0,0,0.0
35,M,118723,64,203,250000,Life,348948,0,9,823,1,3,0,1,0,0,0,0.0
68,M,32411,91,476,100000,Auto,432701,2,2,892,0,0,0,1,0,0,1,1.0
22,F,77009,117,488,500000,Health,167091,2,0,953,0,0,0,0,0,0,0,0.0
64,M,166494,354,344,1000000,Health,97052,1,7,641,1,2,0,0,0,0,0,0.0
42,F,193540,267,268,1000000,Home,333360,2,9,1032,1,3,0,0,0,0,0,1.0
19,F,52371,310,206,50000,Health,465906,0,9,563,1,2,0,1,0,0,0,0.0
27,M,77022,173,279,250000,Auto,433703,0,1,491,0,2,0,1,0,0,0,0.0
73,F,91229,47,69,100000,Health,46115,2,0,341,1,1,0,0,0,1,0,0.0
47,M,119071,140,90,50000,Auto,102977,2,7,472,0,1,0,1,0,0,0,0.0
67,M,116774,246,487,250000,Home,277583,0,6,249,0,2,0,1,0,0,0,0.0
62,M,46715,149,197,500000,Home,523265,1,6,235,1,1,0,1,0,0,0,0.0
22,M,47605,246,157,1000000,Auto,394022,0,3,824,0,0,0,0,0,0,0,0.0
72,M,119853,5,452,100000,Health,496853,0,8,632,0,2,0,1,0,1,0,1.0
73,F,51174,184,133,1000000,Home,391770,2,5,529,0,3,0,0,1,0,0,1.0
50,F,161028,20,416,500000,Life,431839,2,1,122,0,3,0,1,0,0,0,1.0
71,F,96373,46,371,250000,Home,287407,0,0,892,1,0,0,1,0,0,0,0.0
18,M,89252,12,463,500000,Health,301863,1,0,10,0,3,1,0,0,0,0,0.0
35,M,90017,70,358,500000,Life,274370,0,8,838,0,3,0,0,0,0,0,0.0
49,M,83037,17,339,1000000,Health,589314,0,3,753,0,2,0,0,0,1,0,0.0
64,F,109818,147,455,100000,Auto,40733,1,4,886,0,0,0,0,0,0,0,0.0
66,M,26548,154,372,500000,Life,208826,0,2,464,0,2,0,0,0,0,0,0.0
28,F,136981,304,183,1000000,Health,3417,0,3,712,0,0,0,0,0,0,0,0.0
38,F,174249,108,256,100000,Life,307224,2,7,728,0,2,0,1,0,0,0,1.0
43,M,44022,236,332,250000,Health,440947,1,3,717,0,2,0,1,0,0,0,0.0
42,M,126297,308,315,250000,Life,367608,2,8,80,0,1,0,1,0,0,0,1.0
39,F,156614,352,122,50000,Health,452658,2,8,480,0,3,0,1,0,0,0,1.0
44,M,80428,70,401,1000000,Auto,277748,1,5,902,0,0,0,0,0,0,0,0.0
66,F,173812,183,97,100000,Life,419976,1,1,891,0,3,0,1,0,0,0,0.0
30,M,79353,250,375,500000,Life,319632,0,9,18,0,1,1,0,0,0,0,0.0
50,M,133132,228,282,250000,Life,212469,2,6,202,0,0,0,1,0,0,0,0.0
51,F,36052,102,492,100000,Life,579889,1,8,741,0,1,0,1,0,0,1,1.0
58,M,120689,75,149,1000000,Auto,27143,2,5,319,0,3,0,0,0,0,0,0.0
52,F,198148,216,108,50000,Life,33735,2,2,217,0,2,0,0,0,0,0,0.0
18,M,151743,203,307,250000,Home,210487,1,6,1058,1,1,0,1,0,0,0,0.0
38,F,20163,192,462,100000,Auto,80791,0,4,266,0,1,0,1,1,0,0,0.0
65,F,61424,249,114,100000,Home,499830,2,0,724,0,2,0,1,0,0,0,1.0
72,M,161706,242,132,100000,Life,94044,1,2,775,0,3,0,1,0,0,0,0.0
23,F,155870,179,203,1000000,Health,455896,0,4,413,0,1,0,0,0,0,0,0.0
45,M,42420,219,315,1000000,Home,515678,2,6,1036,0,3,0,0,0,0,0,1.0
34,M,140575,82,358,1000000,Life,39336,1,2,401,0,2,0,0,0,0,0,0.0
22,M,49300,92,128,500000,Home,266394,2,5,724,0,0,0,0,0,0,0,0.0
48,F,109881,175,364,100000,Life,373613,1,4,282,0,1,0,1,0,0,0,0.0
22,F,30749,239,199,250000,Life,528525,1,0,723,1,3,0,1,0,0,0,0.0
55,M,124131,260,484,1000000,Life,554380,2,9,751,0,2,0,0,0,0,0,1.0
20,M,176193,163,97,1000000,Health,115240,2,5,268,1,2,0,0,0,0,0,0.0
70,F,148563,48,454,100000,Home,176093,1,7,298,0,1,0,1,0,1,0,1.0
40,M,57487,329,428,1000000,Auto,472685,0,0,570,0,0,0,0,0,0,0,0.0
54,M,184433,328,297,500000,Auto,335934,2,1,509,0,1,0,0,0,0,0,1.0
70,F,41223,116,327,500000,Auto,296479,1,3,546,0,3,0,0,0,1,0,0.0
54,M,92930,337,405,1000000,Auto,210147,1,1,775,0,2,0,0,0,0,0,0.0
27,F,165128,337,147,100000,Life,543510,0,8,365,1,0,0,1,0,0,0,0.0
27,M,48380,225,463,100000,Home,286200,0,9,547,0,3,0,1,0,1,0,1.0
36,F,46035,352,74,100000,Home,63979,0,7,271,0,1,0,0,0,0,0,0.0
34,M,50620,328,333,50000,Health,582948,2,7,739,0,2,0,1,0,0,0,1.0
38,M,170949,147,498,1000000,Home,372554,1,3,537,0,1,0,0,0,0,0,0.0
31,F,137360,63,418,100000,Home,237368,1,4,59,0,0,0,1,0,0,0,0.0
26,M,73352,294,350,500000,Home,479380,1,3,86,0,0,0,1,0,0,0,0.0
63,F,181983,323,117,250000,Health,507756,0,8,763,0,0,0,1,0,1,0,1.0
18,M,183856,325,56,250000,Auto,307368,1,1,390,1,0,0,1,0,0,0,0.0
68,F,23191,13,354,100000,Home,315041,2,7,719,1,0,0,1,0,0,0,1.0
62,F,184232,189,186,250000,Health,437143,0,1,856,0,1,0,1,0,0,0,0.0
30,F,110536,287,213,250000,Health,150923,0,0,149,0,0,0,0,0,0,0,0.0
21,F,124576,208,132,50000,Life,554761,0,9,583,1,0,0,1,0,0,0,0.0
18,M,23631,114,434,500000,Health,122126,0,2,121,0,2,0,0,0,0,0,0.0
66,M,157244,22,187,500000,Auto,30370,2,8,765,0,0,0,0,0,0,0,0.0
57,F,62080,349,469,50000,Home,233031,1,2,605,0,2,0,1,0,0,0,0.0
49,F,110353,214,122,50000,Health,65284,2,8,256,0,2,0,1,0,0,0,0.0
51,F,171353,171,286,250000,Auto,507632,1,6,766,1,2,0,1,0,0,0,0.0
45,M,48671,323,95,1000000,Health,562267,2,9,864,1,1,0,0,0,0,0,1.0
48,M,142811,54,155,250000,Health,311841,0,0,800,0,1,0,1,0,0,0,0.0
25,M,147734,298,465,50000,Health,3726,0,9,59,0,3,0,0,0,0,0,0.0
56,M,179674,320,337,500000,Health,495495,2,4,1022,0,3,0,1,0,0,0,1.0
43,F,71399,126,311,250000,Health,208237,2,8,1093,0,2,0,1,0,0,1,0.0
51,F,174544,277,225,1000000,Auto,579778,1,2,388,0,1,0,0,0,0,0,0.0
71,F,27099,204,215,250000,Home,578532,2,8,786,0,0,0,1,0,0,0,1.0
71,M,176503,194,194,100000,Home,144554,2,4,593,0,3,0,1,0,0,0,0.0
20,M,76492,169,379,250000,Home,528413,1,8,909,0,1,0,1,0,0,0,0.0
67,M,116722,152,419,50000,Home,436542,1,9,566,0,0,0,1,0,0,0,0.0
29,F,198756,35,332,500000,Auto,341624,1,5,399,0,0,0,0,0,0,0,0.0
18,F,50111,184,103,500000,Life,254143,2,8,899,1,1,0,0,0,0,0,0.0
71,M,83936,286,227,50000,Life,463027,1,6,293,0,3,0,1,0,0,0,0.0
61,F,173686,57,468,100000,Auto,388433,0,6,485,0,1,0,1,0,0,0,0.0
22,M,193063,222,293,50000,Auto,557849,0,7,803,0,3,0,1,0,0,0,0.0
47,M,80920,303,390,250000,Health,258172,0,6,890,0,2,0,1,1,0,0,0.0
47,F,83530,163,176,50000,Health,565503,2,8,244,1,1,0,1,0,0,0,1.0
74,M,187296,19,458,50000,Health,110184,0,8,960,1,1,0,1,0,0,0,0.0
34,F,27788,264,461,100000,Home,345976,2,5,816,0,3,0,1,0,0,0,1.0
65,M,48082,282,416,250000,Health,473106,2,6,273,0,3,0,1,0,0,0,1.0
64,F,143287,113,320,1000000,Life,341801,0,1,520,0,1,0,0,0,0,0,0.0
40,F,109570,327,181,1000000,Home,73668,1,8,568,0,0,0,0,0,1,0,0.0
32,F,121015,30,142,500000,Health,58660,2,0,638,0,0,0,0,0,1,0,0.0
54,M,103588,135,428,50000,Home,148966,0,0,159,1,0,0,1,0,0,0,0.0
38,M,167603,67,122,500000,Life,151053,2,2,652,0,2,0,0,0,0,0,0.0
31,F,108340,65,460,100000,Health,226124,1,5,176,0,2,0,1,0,0,0,0.0
19,F,114439,292,459,1000000,Life,180875,1,4,620,0,3,0,0,0,0,0,0.0
28,M,195929,25,452,50000,Life,91388,0,1,211,0,2,0,1,0,0,0,0.0
68,M,161214,37,297,100000,Life,471778,2,8,447,0,0,0,1,0,1,0,1.0
56,M,135053,1,397,100000,Health,381264,2,9,586,1,1,0,1,0,0,0,1.0
55,F,68355,37,322,50000,Auto,14490,2,3,167,1,2,0,0,0,1,0,0.0
51,M,160938,141,92,100000,Health,497719,2,3,460,0,2,0,1,0,0,0,1.0
55,M,145426,232,426,50000,Life,218647,0,4,916,0,0,0,1,0,0,0,0.0
67,F,84027,136,90,50000,Health,551695,1,7,1053,0,2,0,1,0,0,0,0.0
51,M,179210,188,219,250000,Life,227536,0,9,714,1,3,0,1,0,0,0,0.0
35,M,112601,128,483,500000,Auto,225221,2,3,841,0,1,0,0,0,0,0,0.0
47,M,49956,201,261,100000,Home,251163,2,4,868,0,0,0,1,0,0,0,0.0
32,F,124797,127,217,100000,Auto,24602,1,3,688,0,3,0,0,0,0,0,0.0
44,F,144917,257,88,250000,Auto,546874,2,5,330,0,0,0,1,0,0,0,1.0
68,F,146303,164,418,250000,Home,374057,0,2,95,0,3,0,1,0,0,0,0.0
51,F,156511,35,294,250000,Health,228400,0,7,785,1,1,0,1,0,0,0,0.0
69,F,198313,194,200,1000000,Home,104020,1,5,649,0,1,0,0,0,0,0,0.0
74,F,62533,191,160,1000000,Health,345012,0,9,353,0,3,0,0,0,0,0,0.0
55,F,179342,104,485,1000000,Health,587173,0,4,930,0,3,0,0,0,0,0,0.0
50,M,98815,23,96,50000,Life,547126,0,1,941,1,3,0,1,0,0,0,0.0
41,M,59279,265,112,100000,Life,74331,0,9,984,0,3,0,0,0,0,0,0.0
32,F,129787,290,274,500000,Home,73706,2,9,1043,0,3,0,0,0,0,0,0.0
47,M,174960,260,415,50000,Auto,486617,0,6,646,1,3,0,1,0,0,0,0.0
72,M,168702,358,118,100000,Home,303906,1,1,626,1,1,0,1,0,0,0,0.0
59,F,81063,75,348,100000,Health,380557,1,0,139,0,3,0,1,0,0,0,0.0
68,M,147896,355,481,250000,Life,227469,0,6,716,1,2,0,1,0,0,0,0.0
34,M,186216,72,339,250000,Home,493996,1,4,762,1,1,0,1,0,0,0,0.0
22,M,117661,259,345,50000,Home,156788,0,0,255,0,0,0,1,0,0,0,0.0
46,M,158051,188,252,250000,Life,495998,1,3,676,0,1,0,1,0,0,0,0.0
21,M,177261,173,110,100000,Life,273426,1,3,92,0,0,0,1,0,0,0,0.0
27,F,193672,290,483,250000,Life,455329,0,9,1093,0,0,0,1,0,0,0,0.0
73,F,143257,45,367,1000000,Health,162503,0,6,37,0,2,0,0,0,0,0,0.0
34,F,106205,61,363,250000,Life,26228,2,8,140,0,3,0,0,0,0,0,0.0
27,M,26910,83,210,100000,Auto,31656,0,1,867,0,3,0,0,0,0,0,0.0
34,F,66857,123,380,50000,Home,258570,0,0,680,0,1,0,1,0,0,1,0.0
37,M,54964,358,65,500000,Life,140121,2,1,137,0,3,0,0,0,0,0,0.0
41,M,176299,16,387,250000,Life,576350,0,6,190,1,2,0,1,0,0,0,0.0
22,M,157050,66,143,100000,Health,517300,0,9,342,0,1,0,1,1,0,0,0.0
51,M,37153,145,353,500000,Health,202378,2,5,1029,1,1,0,0,0,1,0,0.0
23,F,79765,162,187,500000,Home,548487,0,3,972,0,1,0,1,0,0,0,0.0
